[I] exp_name	dataset_src	dataset_dest	accuracy	accuracy_top3	accuracy_top5	precision	recall	f1	avg_guess_entropy	max_guess_entropy
[I] gp_age/1	AES_Shivam_labels_train_byte	AES_Shivam_labels_test_byte	0.0058	0.01515	0.0257	0.04236771804273702	0.005267290736436005	0.006291621272397431	121.2066	255.0
[I] gp_age/1	AES_Shivam_labels_train_byte	ASCAD_labels_test_byte	0.0035	0.0115	0.0195	0.0035	0.00390625	0.006975585450921773	127.45791666666666	255.0
[I] gp_age/1	AES_Shivam_labels_train_byte	Random_delay_labels_test_byte	0.0049	0.0117	0.0192	0.0049	0.00390625	0.009752214150661758	127.1453	255.0
[I] gp_age/1	AES_Shivam_labels_train_byte	DPAv4_labels_test_byte	0.0037199256014879703	0.01127977440451191	0.019379612407751844	0.0037199256014879703	0.00390625	0.007412278079980872	127.12590748185036	255.0
[I] gp_age/10	AES_Shivam_labels_train_byte	AES_Shivam_labels_test_byte	0.0058	0.01515	0.0257	0.04236771804273702	0.005267290736436005	0.006291621272397431	121.2066	255.0
[I] gp_age/10	AES_Shivam_labels_train_byte	ASCAD_labels_test_byte	0.0035	0.0115	0.0195	0.0035	0.00390625	0.006975585450921773	127.45791666666666	255.0
[I] gp_age/10	AES_Shivam_labels_train_byte	Random_delay_labels_test_byte	0.0049	0.0117	0.0192	0.0049	0.00390625	0.009752214150661758	127.1453	255.0
[I] gp_age/10	AES_Shivam_labels_train_byte	DPAv4_labels_test_byte	0.0037199256014879703	0.01127977440451191	0.019379612407751844	0.0037199256014879703	0.00390625	0.007412278079980872	127.12590748185036	255.0
[I] gp_age/11	AES_Shivam_labels_train_byte	AES_Shivam_labels_test_byte	0.00605	0.0163	0.0264	0.020852785994159732	0.005521804404669824	0.002650114934256424	120.19645	255.0
[I] gp_age/11	AES_Shivam_labels_train_byte	ASCAD_labels_test_byte	0.003416666666666667	0.011833333333333333	0.018666666666666668	0.003416666666666667	0.00390625	0.006810065609168674	127.46075	255.0
[I] gp_age/11	AES_Shivam_labels_train_byte	Random_delay_labels_test_byte	0.0049	0.0118	0.0184	0.0049	0.00390625	0.009752214150661758	127.2687	255.0
[I] gp_age/11	AES_Shivam_labels_train_byte	DPAv4_labels_test_byte	0.004469910601787965	0.011489770204595908	0.01883962320753585	0.004469910601787965	0.00390625	0.008900038825672729	127.22160556788864	255.0
[I] gp_age/12	AES_Shivam_labels_train_byte	AES_Shivam_labels_test_byte	0.0059	0.0155	0.0254	0.0018185715162651107	0.005435303110051443	0.0028624698740532476	121.10855	255.0
[I] gp_age/12	AES_Shivam_labels_train_byte	ASCAD_labels_test_byte	0.004583333333333333	0.0125	0.020083333333333335	0.004583333333333333	0.00390625	0.009124844462878473	127.51183333333333	255.0
[I] gp_age/12	AES_Shivam_labels_train_byte	Random_delay_labels_test_byte	0.0051	0.0125	0.0196	0.002186862044632439	0.0045957019171304885	0.004301446817320783	127.3347	255.0
[I] gp_age/12	AES_Shivam_labels_train_byte	DPAv4_labels_test_byte	0.003629927401451971	0.0125097498050039	0.020219595608087837	0.003629927401451971	0.00390625	0.007233597369600956	127.38645227095458	255.0
[I] gp_age/13	AES_Shivam_labels_train_byte	AES_Shivam_labels_test_byte	0.0058	0.01515	0.0257	0.04236771804273702	0.005267290736436005	0.006291621272397431	121.2066	255.0
[I] gp_age/13	AES_Shivam_labels_train_byte	ASCAD_labels_test_byte	0.0035	0.0115	0.0195	0.0035	0.00390625	0.006975585450921773	127.45791666666666	255.0
[I] gp_age/13	AES_Shivam_labels_train_byte	Random_delay_labels_test_byte	0.0049	0.0117	0.0192	0.0049	0.00390625	0.009752214150661758	127.1453	255.0
[I] gp_age/13	AES_Shivam_labels_train_byte	DPAv4_labels_test_byte	0.0037199256014879703	0.01127977440451191	0.019379612407751844	0.0037199256014879703	0.00390625	0.007412278079980872	127.12590748185036	255.0
[I] gp_age/14	AES_Shivam_labels_train_byte	AES_Shivam_labels_test_byte	0.00605	0.0163	0.0264	0.020852785994159732	0.005521804404669824	0.002650114934256424	120.19645	255.0
[I] gp_age/14	AES_Shivam_labels_train_byte	ASCAD_labels_test_byte	0.003416666666666667	0.011833333333333333	0.018666666666666668	0.003416666666666667	0.00390625	0.006810065609168674	127.46075	255.0
[I] gp_age/14	AES_Shivam_labels_train_byte	Random_delay_labels_test_byte	0.0049	0.0118	0.0184	0.0049	0.00390625	0.009752214150661758	127.2687	255.0
[I] gp_age/14	AES_Shivam_labels_train_byte	DPAv4_labels_test_byte	0.004469910601787965	0.011489770204595908	0.01883962320753585	0.004469910601787965	0.00390625	0.008900038825672729	127.22160556788864	255.0
[I] gp_age/15	AES_Shivam_labels_train_byte	AES_Shivam_labels_test_byte	0.0059	0.0155	0.0254	0.0018185715162651107	0.005435303110051443	0.0028624698740532476	121.10855	255.0
[I] gp_age/15	AES_Shivam_labels_train_byte	ASCAD_labels_test_byte	0.004583333333333333	0.0125	0.020083333333333335	0.004583333333333333	0.00390625	0.009124844462878473	127.51183333333333	255.0
[I] gp_age/15	AES_Shivam_labels_train_byte	Random_delay_labels_test_byte	0.0051	0.0125	0.0196	0.002186862044632439	0.0045957019171304885	0.004301446817320783	127.3347	255.0
[I] gp_age/15	AES_Shivam_labels_train_byte	DPAv4_labels_test_byte	0.003629927401451971	0.0125097498050039	0.020219595608087837	0.003629927401451971	0.00390625	0.007233597369600956	127.38645227095458	255.0
[I] gp_age/16	AES_Shivam_labels_train_byte	AES_Shivam_labels_test_byte	0.0058	0.01515	0.0257	0.04236771804273702	0.005267290736436005	0.006291621272397431	121.2066	255.0
[I] gp_age/16	AES_Shivam_labels_train_byte	ASCAD_labels_test_byte	0.0035	0.0115	0.0195	0.0035	0.00390625	0.006975585450921773	127.45791666666666	255.0
[I] gp_age/16	AES_Shivam_labels_train_byte	Random_delay_labels_test_byte	0.0049	0.0117	0.0192	0.0049	0.00390625	0.009752214150661758	127.1453	255.0
[I] gp_age/16	AES_Shivam_labels_train_byte	DPAv4_labels_test_byte	0.0037199256014879703	0.01127977440451191	0.019379612407751844	0.0037199256014879703	0.00390625	0.007412278079980872	127.12590748185036	255.0
[I] gp_age/17	AES_Shivam_labels_train_byte	AES_Shivam_labels_test_byte	0.00605	0.0163	0.0264	0.020852785994159732	0.005521804404669824	0.002650114934256424	120.19645	255.0
[I] gp_age/17	AES_Shivam_labels_train_byte	ASCAD_labels_test_byte	0.003416666666666667	0.011833333333333333	0.018666666666666668	0.003416666666666667	0.00390625	0.006810065609168674	127.46075	255.0
[I] gp_age/17	AES_Shivam_labels_train_byte	Random_delay_labels_test_byte	0.0049	0.0118	0.0184	0.0049	0.00390625	0.009752214150661758	127.2687	255.0
[I] gp_age/17	AES_Shivam_labels_train_byte	DPAv4_labels_test_byte	0.004469910601787965	0.011489770204595908	0.01883962320753585	0.004469910601787965	0.00390625	0.008900038825672729	127.22160556788864	255.0
[I] gp_age/18	AES_Shivam_labels_train_byte	AES_Shivam_labels_test_byte	0.0059	0.0155	0.0254	0.0018185715162651107	0.005435303110051443	0.0028624698740532476	121.10855	255.0
[I] gp_age/18	AES_Shivam_labels_train_byte	ASCAD_labels_test_byte	0.004583333333333333	0.0125	0.020083333333333335	0.004583333333333333	0.00390625	0.009124844462878473	127.51183333333333	255.0
[I] gp_age/18	AES_Shivam_labels_train_byte	Random_delay_labels_test_byte	0.0051	0.0125	0.0196	0.002186862044632439	0.0045957019171304885	0.004301446817320783	127.3347	255.0
[I] gp_age/18	AES_Shivam_labels_train_byte	DPAv4_labels_test_byte	0.003629927401451971	0.0125097498050039	0.020219595608087837	0.003629927401451971	0.00390625	0.007233597369600956	127.38645227095458	255.0
[I] gp_age/19	AES_Shivam_labels_train_byte	AES_Shivam_labels_test_byte	0.0058	0.01515	0.0257	0.04236771804273702	0.005267290736436005	0.006291621272397431	121.2066	255.0
[I] gp_age/19	AES_Shivam_labels_train_byte	ASCAD_labels_test_byte	0.0035	0.0115	0.0195	0.0035	0.00390625	0.006975585450921773	127.45791666666666	255.0
[I] gp_age/19	AES_Shivam_labels_train_byte	Random_delay_labels_test_byte	0.0049	0.0117	0.0192	0.0049	0.00390625	0.009752214150661758	127.1453	255.0
[I] gp_age/19	AES_Shivam_labels_train_byte	DPAv4_labels_test_byte	0.0037199256014879703	0.01127977440451191	0.019379612407751844	0.0037199256014879703	0.00390625	0.007412278079980872	127.12590748185036	255.0
[I] gp_age/2	AES_Shivam_labels_train_byte	AES_Shivam_labels_test_byte	0.00605	0.0163	0.0264	0.020852785994159732	0.005521804404669824	0.002650114934256424	120.19645	255.0
[I] gp_age/2	AES_Shivam_labels_train_byte	ASCAD_labels_test_byte	0.003416666666666667	0.011833333333333333	0.018666666666666668	0.003416666666666667	0.00390625	0.006810065609168674	127.46075	255.0
[I] gp_age/2	AES_Shivam_labels_train_byte	Random_delay_labels_test_byte	0.0049	0.0118	0.0184	0.0049	0.00390625	0.009752214150661758	127.2687	255.0
[I] gp_age/2	AES_Shivam_labels_train_byte	DPAv4_labels_test_byte	0.004469910601787965	0.011489770204595908	0.01883962320753585	0.004469910601787965	0.00390625	0.008900038825672729	127.22160556788864	255.0
[I] gp_age/20	AES_Shivam_labels_train_byte	AES_Shivam_labels_test_byte	0.00605	0.0163	0.0264	0.020852785994159732	0.005521804404669824	0.002650114934256424	120.19645	255.0
[I] gp_age/20	AES_Shivam_labels_train_byte	ASCAD_labels_test_byte	0.003416666666666667	0.011833333333333333	0.018666666666666668	0.003416666666666667	0.00390625	0.006810065609168674	127.46075	255.0
[I] gp_age/20	AES_Shivam_labels_train_byte	Random_delay_labels_test_byte	0.0049	0.0118	0.0184	0.0049	0.00390625	0.009752214150661758	127.2687	255.0
[I] gp_age/20	AES_Shivam_labels_train_byte	DPAv4_labels_test_byte	0.004469910601787965	0.011489770204595908	0.01883962320753585	0.004469910601787965	0.00390625	0.008900038825672729	127.22160556788864	255.0
[I] gp_age/21	AES_Shivam_labels_train_byte	AES_Shivam_labels_test_byte	0.0059	0.0155	0.0254	0.0018185715162651107	0.005435303110051443	0.0028624698740532476	121.10855	255.0
[I] gp_age/21	AES_Shivam_labels_train_byte	ASCAD_labels_test_byte	0.004583333333333333	0.0125	0.020083333333333335	0.004583333333333333	0.00390625	0.009124844462878473	127.51183333333333	255.0
[I] gp_age/21	AES_Shivam_labels_train_byte	Random_delay_labels_test_byte	0.0051	0.0125	0.0196	0.002186862044632439	0.0045957019171304885	0.004301446817320783	127.3347	255.0
[I] gp_age/21	AES_Shivam_labels_train_byte	DPAv4_labels_test_byte	0.003629927401451971	0.0125097498050039	0.020219595608087837	0.003629927401451971	0.00390625	0.007233597369600956	127.38645227095458	255.0
[I] gp_age/22	AES_Shivam_labels_train_byte	AES_Shivam_labels_test_byte	0.0058	0.01515	0.0257	0.04236771804273702	0.005267290736436005	0.006291621272397431	121.2066	255.0
[I] gp_age/22	AES_Shivam_labels_train_byte	ASCAD_labels_test_byte	0.0035	0.0115	0.0195	0.0035	0.00390625	0.006975585450921773	127.45791666666666	255.0
[I] gp_age/22	AES_Shivam_labels_train_byte	Random_delay_labels_test_byte	0.0049	0.0117	0.0192	0.0049	0.00390625	0.009752214150661758	127.1453	255.0
[I] gp_age/22	AES_Shivam_labels_train_byte	DPAv4_labels_test_byte	0.0037199256014879703	0.01127977440451191	0.019379612407751844	0.0037199256014879703	0.00390625	0.007412278079980872	127.12590748185036	255.0
[I] gp_age/23	AES_Shivam_labels_train_byte	AES_Shivam_labels_test_byte	0.00605	0.0163	0.0264	0.020852785994159732	0.005521804404669824	0.002650114934256424	120.19645	255.0
[I] gp_age/23	AES_Shivam_labels_train_byte	ASCAD_labels_test_byte	0.003416666666666667	0.011833333333333333	0.018666666666666668	0.003416666666666667	0.00390625	0.006810065609168674	127.46075	255.0
[I] gp_age/23	AES_Shivam_labels_train_byte	Random_delay_labels_test_byte	0.0049	0.0118	0.0184	0.0049	0.00390625	0.009752214150661758	127.2687	255.0
[I] gp_age/23	AES_Shivam_labels_train_byte	DPAv4_labels_test_byte	0.004469910601787965	0.011489770204595908	0.01883962320753585	0.004469910601787965	0.00390625	0.008900038825672729	127.22160556788864	255.0
[I] gp_age/24	AES_Shivam_labels_train_byte	AES_Shivam_labels_test_byte	0.0059	0.0155	0.0254	0.0018185715162651107	0.005435303110051443	0.0028624698740532476	121.10855	255.0
[I] gp_age/24	AES_Shivam_labels_train_byte	ASCAD_labels_test_byte	0.004583333333333333	0.0125	0.020083333333333335	0.004583333333333333	0.00390625	0.009124844462878473	127.51183333333333	255.0
[I] gp_age/24	AES_Shivam_labels_train_byte	Random_delay_labels_test_byte	0.0051	0.0125	0.0196	0.002186862044632439	0.0045957019171304885	0.004301446817320783	127.3347	255.0
[I] gp_age/24	AES_Shivam_labels_train_byte	DPAv4_labels_test_byte	0.003629927401451971	0.0125097498050039	0.020219595608087837	0.003629927401451971	0.00390625	0.007233597369600956	127.38645227095458	255.0
[I] gp_age/25	AES_Shivam_labels_train_byte	AES_Shivam_labels_test_byte	0.0058	0.01515	0.0257	0.04236771804273702	0.005267290736436005	0.006291621272397431	121.2066	255.0
[I] gp_age/25	AES_Shivam_labels_train_byte	ASCAD_labels_test_byte	0.0035	0.0115	0.0195	0.0035	0.00390625	0.006975585450921773	127.45791666666666	255.0
[I] gp_age/25	AES_Shivam_labels_train_byte	Random_delay_labels_test_byte	0.0049	0.0117	0.0192	0.0049	0.00390625	0.009752214150661758	127.1453	255.0
[I] gp_age/25	AES_Shivam_labels_train_byte	DPAv4_labels_test_byte	0.0037199256014879703	0.01127977440451191	0.019379612407751844	0.0037199256014879703	0.00390625	0.007412278079980872	127.12590748185036	255.0
[I] gp_age/26	AES_Shivam_labels_train_byte	AES_Shivam_labels_test_byte	0.00605	0.0163	0.0264	0.020852785994159732	0.005521804404669824	0.002650114934256424	120.19645	255.0
[I] gp_age/26	AES_Shivam_labels_train_byte	ASCAD_labels_test_byte	0.003416666666666667	0.011833333333333333	0.018666666666666668	0.003416666666666667	0.00390625	0.006810065609168674	127.46075	255.0
[I] gp_age/26	AES_Shivam_labels_train_byte	Random_delay_labels_test_byte	0.0049	0.0118	0.0184	0.0049	0.00390625	0.009752214150661758	127.2687	255.0
[I] gp_age/26	AES_Shivam_labels_train_byte	DPAv4_labels_test_byte	0.004469910601787965	0.011489770204595908	0.01883962320753585	0.004469910601787965	0.00390625	0.008900038825672729	127.22160556788864	255.0
[I] gp_age/27	AES_Shivam_labels_train_byte	AES_Shivam_labels_test_byte	0.0059	0.0155	0.0254	0.0018185715162651107	0.005435303110051443	0.0028624698740532476	121.10855	255.0
[I] gp_age/27	AES_Shivam_labels_train_byte	ASCAD_labels_test_byte	0.004583333333333333	0.0125	0.020083333333333335	0.004583333333333333	0.00390625	0.009124844462878473	127.51183333333333	255.0
[I] gp_age/27	AES_Shivam_labels_train_byte	Random_delay_labels_test_byte	0.0051	0.0125	0.0196	0.002186862044632439	0.0045957019171304885	0.004301446817320783	127.3347	255.0
[I] gp_age/27	AES_Shivam_labels_train_byte	DPAv4_labels_test_byte	0.003629927401451971	0.0125097498050039	0.020219595608087837	0.003629927401451971	0.00390625	0.007233597369600956	127.38645227095458	255.0
[I] gp_age/28	AES_Shivam_labels_train_byte	AES_Shivam_labels_test_byte	0.0058	0.01515	0.0257	0.04236771804273702	0.005267290736436005	0.006291621272397431	121.2066	255.0
[I] gp_age/28	AES_Shivam_labels_train_byte	ASCAD_labels_test_byte	0.0035	0.0115	0.0195	0.0035	0.00390625	0.006975585450921773	127.45791666666666	255.0
[I] gp_age/28	AES_Shivam_labels_train_byte	Random_delay_labels_test_byte	0.0049	0.0117	0.0192	0.0049	0.00390625	0.009752214150661758	127.1453	255.0
[I] gp_age/28	AES_Shivam_labels_train_byte	DPAv4_labels_test_byte	0.0037199256014879703	0.01127977440451191	0.019379612407751844	0.0037199256014879703	0.00390625	0.007412278079980872	127.12590748185036	255.0
[I] gp_age/29	AES_Shivam_labels_train_byte	AES_Shivam_labels_test_byte	0.00605	0.0163	0.0264	0.020852785994159732	0.005521804404669824	0.002650114934256424	120.19645	255.0
[I] gp_age/29	AES_Shivam_labels_train_byte	ASCAD_labels_test_byte	0.003416666666666667	0.011833333333333333	0.018666666666666668	0.003416666666666667	0.00390625	0.006810065609168674	127.46075	255.0
[I] gp_age/29	AES_Shivam_labels_train_byte	Random_delay_labels_test_byte	0.0049	0.0118	0.0184	0.0049	0.00390625	0.009752214150661758	127.2687	255.0
[I] gp_age/29	AES_Shivam_labels_train_byte	DPAv4_labels_test_byte	0.004469910601787965	0.011489770204595908	0.01883962320753585	0.004469910601787965	0.00390625	0.008900038825672729	127.22160556788864	255.0
[I] gp_age/3	AES_Shivam_labels_train_byte	AES_Shivam_labels_test_byte	0.0059	0.0155	0.0254	0.0018185715162651107	0.005435303110051443	0.0028624698740532476	121.10855	255.0
[I] gp_age/3	AES_Shivam_labels_train_byte	ASCAD_labels_test_byte	0.004583333333333333	0.0125	0.020083333333333335	0.004583333333333333	0.00390625	0.009124844462878473	127.51183333333333	255.0
[I] gp_age/3	AES_Shivam_labels_train_byte	Random_delay_labels_test_byte	0.0051	0.0125	0.0196	0.002186862044632439	0.0045957019171304885	0.004301446817320783	127.3347	255.0
[I] gp_age/3	AES_Shivam_labels_train_byte	DPAv4_labels_test_byte	0.003629927401451971	0.0125097498050039	0.020219595608087837	0.003629927401451971	0.00390625	0.007233597369600956	127.38645227095458	255.0
[I] gp_age/30	AES_Shivam_labels_train_byte	AES_Shivam_labels_test_byte	0.0059	0.0155	0.0254	0.0018185715162651107	0.005435303110051443	0.0028624698740532476	121.10855	255.0
[I] gp_age/30	AES_Shivam_labels_train_byte	ASCAD_labels_test_byte	0.004583333333333333	0.0125	0.020083333333333335	0.004583333333333333	0.00390625	0.009124844462878473	127.51183333333333	255.0
[I] gp_age/30	AES_Shivam_labels_train_byte	Random_delay_labels_test_byte	0.0051	0.0125	0.0196	0.002186862044632439	0.0045957019171304885	0.004301446817320783	127.3347	255.0
[I] gp_age/30	AES_Shivam_labels_train_byte	DPAv4_labels_test_byte	0.003629927401451971	0.0125097498050039	0.020219595608087837	0.003629927401451971	0.00390625	0.007233597369600956	127.38645227095458	255.0
[I] gp_age/4	AES_Shivam_labels_train_byte	AES_Shivam_labels_test_byte	0.0058	0.01515	0.0257	0.04236771804273702	0.005267290736436005	0.006291621272397431	121.2066	255.0
[I] gp_age/4	AES_Shivam_labels_train_byte	ASCAD_labels_test_byte	0.0035	0.0115	0.0195	0.0035	0.00390625	0.006975585450921773	127.45791666666666	255.0
[I] gp_age/4	AES_Shivam_labels_train_byte	Random_delay_labels_test_byte	0.0049	0.0117	0.0192	0.0049	0.00390625	0.009752214150661758	127.1453	255.0
[I] gp_age/4	AES_Shivam_labels_train_byte	DPAv4_labels_test_byte	0.0037199256014879703	0.01127977440451191	0.019379612407751844	0.0037199256014879703	0.00390625	0.007412278079980872	127.12590748185036	255.0
[I] gp_age/5	AES_Shivam_labels_train_byte	AES_Shivam_labels_test_byte	0.00605	0.0163	0.0264	0.020852785994159732	0.005521804404669824	0.002650114934256424	120.19645	255.0
[I] gp_age/5	AES_Shivam_labels_train_byte	ASCAD_labels_test_byte	0.003416666666666667	0.011833333333333333	0.018666666666666668	0.003416666666666667	0.00390625	0.006810065609168674	127.46075	255.0
[I] gp_age/5	AES_Shivam_labels_train_byte	Random_delay_labels_test_byte	0.0049	0.0118	0.0184	0.0049	0.00390625	0.009752214150661758	127.2687	255.0
[I] gp_age/5	AES_Shivam_labels_train_byte	DPAv4_labels_test_byte	0.004469910601787965	0.011489770204595908	0.01883962320753585	0.004469910601787965	0.00390625	0.008900038825672729	127.22160556788864	255.0
[I] gp_age/6	AES_Shivam_labels_train_byte	AES_Shivam_labels_test_byte	0.0059	0.0155	0.0254	0.0018185715162651107	0.005435303110051443	0.0028624698740532476	121.10855	255.0
[I] gp_age/6	AES_Shivam_labels_train_byte	ASCAD_labels_test_byte	0.004583333333333333	0.0125	0.020083333333333335	0.004583333333333333	0.00390625	0.009124844462878473	127.51183333333333	255.0
[I] gp_age/6	AES_Shivam_labels_train_byte	Random_delay_labels_test_byte	0.0051	0.0125	0.0196	0.002186862044632439	0.0045957019171304885	0.004301446817320783	127.3347	255.0
[I] gp_age/6	AES_Shivam_labels_train_byte	DPAv4_labels_test_byte	0.003629927401451971	0.0125097498050039	0.020219595608087837	0.003629927401451971	0.00390625	0.007233597369600956	127.38645227095458	255.0
[I] gp_age/7	AES_Shivam_labels_train_byte	AES_Shivam_labels_test_byte	0.0058	0.01515	0.0257	0.04236771804273702	0.005267290736436005	0.006291621272397431	121.2066	255.0
[I] gp_age/7	AES_Shivam_labels_train_byte	ASCAD_labels_test_byte	0.0035	0.0115	0.0195	0.0035	0.00390625	0.006975585450921773	127.45791666666666	255.0
[I] gp_age/7	AES_Shivam_labels_train_byte	Random_delay_labels_test_byte	0.0049	0.0117	0.0192	0.0049	0.00390625	0.009752214150661758	127.1453	255.0
[I] gp_age/7	AES_Shivam_labels_train_byte	DPAv4_labels_test_byte	0.0037199256014879703	0.01127977440451191	0.019379612407751844	0.0037199256014879703	0.00390625	0.007412278079980872	127.12590748185036	255.0
[I] gp_age/8	AES_Shivam_labels_train_byte	AES_Shivam_labels_test_byte	0.00605	0.0163	0.0264	0.020852785994159732	0.005521804404669824	0.002650114934256424	120.19645	255.0
[I] gp_age/8	AES_Shivam_labels_train_byte	ASCAD_labels_test_byte	0.003416666666666667	0.011833333333333333	0.018666666666666668	0.003416666666666667	0.00390625	0.006810065609168674	127.46075	255.0
[I] gp_age/8	AES_Shivam_labels_train_byte	Random_delay_labels_test_byte	0.0049	0.0118	0.0184	0.0049	0.00390625	0.009752214150661758	127.2687	255.0
[I] gp_age/8	AES_Shivam_labels_train_byte	DPAv4_labels_test_byte	0.004469910601787965	0.011489770204595908	0.01883962320753585	0.004469910601787965	0.00390625	0.008900038825672729	127.22160556788864	255.0
[I] gp_age/9	AES_Shivam_labels_train_byte	AES_Shivam_labels_test_byte	0.0059	0.0155	0.0254	0.0018185715162651107	0.005435303110051443	0.0028624698740532476	121.10855	255.0
[I] gp_age/9	AES_Shivam_labels_train_byte	ASCAD_labels_test_byte	0.004583333333333333	0.0125	0.020083333333333335	0.004583333333333333	0.00390625	0.009124844462878473	127.51183333333333	255.0
[I] gp_age/9	AES_Shivam_labels_train_byte	Random_delay_labels_test_byte	0.0051	0.0125	0.0196	0.002186862044632439	0.0045957019171304885	0.004301446817320783	127.3347	255.0
[I] gp_age/9	AES_Shivam_labels_train_byte	DPAv4_labels_test_byte	0.003629927401451971	0.0125097498050039	0.020219595608087837	0.003629927401451971	0.00390625	0.007233597369600956	127.38645227095458	255.0
[I] gp_age/1	ASCAD_labels_train_byte	AES_Shivam_labels_test_byte	0.00395	0.01225	0.01935	0.001975098754937747	0.00390625	0.00393465484610021	127.46415	255.0
[I] gp_age/1	ASCAD_labels_train_byte	ASCAD_labels_test_byte	0.00625	0.019166666666666665	0.03208333333333333	0.005425006170533921	0.006248498629538841	0.004531095021538311	106.50475	255.0
[I] gp_age/1	ASCAD_labels_train_byte	Random_delay_labels_test_byte	0.0038	0.0115	0.0178	0.0016979790446895273	0.003749180506993007	0.003353856362016695	127.7397	255.0
[I] gp_age/1	ASCAD_labels_train_byte	DPAv4_labels_test_byte	0.00509989800203996	0.011099778004439911	0.020669586608267836	6.774551368665486E-4	0.005881804307962642	7.497743804015745E-4	127.07037859242816	255.0
[I] gp_age/10	ASCAD_labels_train_byte	AES_Shivam_labels_test_byte	0.00395	0.01225	0.01935	0.001975098754937747	0.00390625	0.00393465484610021	127.46415	255.0
[I] gp_age/10	ASCAD_labels_train_byte	ASCAD_labels_test_byte	0.00625	0.019166666666666665	0.03208333333333333	0.005425006170533921	0.006248498629538841	0.004531095021538311	106.50475	255.0
[I] gp_age/10	ASCAD_labels_train_byte	Random_delay_labels_test_byte	0.0038	0.0115	0.0178	0.0016979790446895273	0.003749180506993007	0.003353856362016695	127.7397	255.0
[I] gp_age/10	ASCAD_labels_train_byte	DPAv4_labels_test_byte	0.00509989800203996	0.011099778004439911	0.020669586608267836	6.774551368665486E-4	0.005881804307962642	7.497743804015745E-4	127.07037859242816	255.0
[I] gp_age/11	ASCAD_labels_train_byte	AES_Shivam_labels_test_byte	0.0038	0.01125	0.0193	0.004254039121268252	0.003910474495313627	0.007797586513099043	127.0434	255.0
[I] gp_age/11	ASCAD_labels_train_byte	ASCAD_labels_test_byte	0.006416666666666667	0.01825	0.03075	0.009634189267930478	0.00636195328891403	0.004937994835011351	108.02816666666666	255.0
[I] gp_age/11	ASCAD_labels_train_byte	Random_delay_labels_test_byte	0.0045	0.0118	0.0199	0.0033892025359910927	0.004112599815724816	0.006648129237957406	127.512	255.0
[I] gp_age/11	ASCAD_labels_train_byte	DPAv4_labels_test_byte	0.004799904001919961	0.00995980080398392	0.018569628607427852	0.002255042987245671	0.0055072036102861936	7.232655189755913E-4	130.7192356152877	255.0
[I] gp_age/12	ASCAD_labels_train_byte	AES_Shivam_labels_test_byte	0.0038	0.0112	0.01935	0.0035047708994357476	0.003910474495313627	0.006661965727213297	127.0224	255.0
[I] gp_age/12	ASCAD_labels_train_byte	ASCAD_labels_test_byte	0.0065	0.018416666666666668	0.031	0.009595417671717283	0.006441672676669132	0.004990072004130567	108.0295	255.0
[I] gp_age/12	ASCAD_labels_train_byte	Random_delay_labels_test_byte	0.0045	0.0121	0.0199	0.003483944789532019	0.004112599815724816	0.006825668834016342	127.4824	255.0
[I] gp_age/12	ASCAD_labels_train_byte	DPAv4_labels_test_byte	0.004859902801943961	0.010109797804043918	0.01844963100737985	0.002067297489871732	0.005555181835300229	7.169131910182304E-4	130.5902681946361	255.0
[I] gp_age/13	ASCAD_labels_train_byte	AES_Shivam_labels_test_byte	0.00395	0.01225	0.01935	0.001975098754937747	0.00390625	0.00393465484610021	127.46415	255.0
[I] gp_age/13	ASCAD_labels_train_byte	ASCAD_labels_test_byte	0.00625	0.019166666666666665	0.03208333333333333	0.005425006170533921	0.006248498629538841	0.004531095021538311	106.50475	255.0
[I] gp_age/13	ASCAD_labels_train_byte	Random_delay_labels_test_byte	0.0038	0.0115	0.0178	0.0016979790446895273	0.003749180506993007	0.003353856362016695	127.7397	255.0
[I] gp_age/13	ASCAD_labels_train_byte	DPAv4_labels_test_byte	0.00509989800203996	0.011099778004439911	0.020669586608267836	6.774551368665486E-4	0.005881804307962642	7.497743804015745E-4	127.07037859242816	255.0
[I] gp_age/14	ASCAD_labels_train_byte	AES_Shivam_labels_test_byte	0.0038	0.01125	0.0193	0.004254039121268252	0.003910474495313627	0.007797586513099043	127.0434	255.0
[I] gp_age/14	ASCAD_labels_train_byte	ASCAD_labels_test_byte	0.006416666666666667	0.01825	0.03075	0.009634189267930478	0.00636195328891403	0.004937994835011351	108.02816666666666	255.0
[I] gp_age/14	ASCAD_labels_train_byte	Random_delay_labels_test_byte	0.0045	0.0118	0.0199	0.0033892025359910927	0.004112599815724816	0.006648129237957406	127.512	255.0
[I] gp_age/14	ASCAD_labels_train_byte	DPAv4_labels_test_byte	0.004799904001919961	0.00995980080398392	0.018569628607427852	0.002255042987245671	0.0055072036102861936	7.232655189755913E-4	130.7192356152877	255.0
[I] gp_age/15	ASCAD_labels_train_byte	AES_Shivam_labels_test_byte	0.0038	0.0112	0.01935	0.0035047708994357476	0.003910474495313627	0.006661965727213297	127.0224	255.0
[I] gp_age/15	ASCAD_labels_train_byte	ASCAD_labels_test_byte	0.0065	0.018416666666666668	0.031	0.009595417671717283	0.006441672676669132	0.004990072004130567	108.0295	255.0
[I] gp_age/15	ASCAD_labels_train_byte	Random_delay_labels_test_byte	0.0045	0.0121	0.0199	0.003483944789532019	0.004112599815724816	0.006825668834016342	127.4824	255.0
[I] gp_age/15	ASCAD_labels_train_byte	DPAv4_labels_test_byte	0.004859902801943961	0.010109797804043918	0.01844963100737985	0.002067297489871732	0.005555181835300229	7.169131910182304E-4	130.5902681946361	255.0
[I] gp_age/16	ASCAD_labels_train_byte	AES_Shivam_labels_test_byte	0.00395	0.01225	0.01935	0.001975098754937747	0.00390625	0.00393465484610021	127.46415	255.0
[I] gp_age/16	ASCAD_labels_train_byte	ASCAD_labels_test_byte	0.00625	0.019166666666666665	0.03208333333333333	0.005425006170533921	0.006248498629538841	0.004531095021538311	106.50475	255.0
[I] gp_age/16	ASCAD_labels_train_byte	Random_delay_labels_test_byte	0.0038	0.0115	0.0178	0.0016979790446895273	0.003749180506993007	0.003353856362016695	127.7397	255.0
[I] gp_age/16	ASCAD_labels_train_byte	DPAv4_labels_test_byte	0.00509989800203996	0.011099778004439911	0.020669586608267836	6.774551368665486E-4	0.005881804307962642	7.497743804015745E-4	127.07037859242816	255.0
[I] gp_age/17	ASCAD_labels_train_byte	AES_Shivam_labels_test_byte	0.0038	0.01125	0.0193	0.004254039121268252	0.003910474495313627	0.007797586513099043	127.0434	255.0
[I] gp_age/17	ASCAD_labels_train_byte	ASCAD_labels_test_byte	0.006416666666666667	0.01825	0.03075	0.009634189267930478	0.00636195328891403	0.004937994835011351	108.02816666666666	255.0
[I] gp_age/17	ASCAD_labels_train_byte	Random_delay_labels_test_byte	0.0045	0.0118	0.0199	0.0033892025359910927	0.004112599815724816	0.006648129237957406	127.512	255.0
[I] gp_age/17	ASCAD_labels_train_byte	DPAv4_labels_test_byte	0.004799904001919961	0.00995980080398392	0.018569628607427852	0.002255042987245671	0.0055072036102861936	7.232655189755913E-4	130.7192356152877	255.0
[I] gp_age/18	ASCAD_labels_train_byte	AES_Shivam_labels_test_byte	0.0038	0.0112	0.01935	0.0035047708994357476	0.003910474495313627	0.006661965727213297	127.0224	255.0
[I] gp_age/18	ASCAD_labels_train_byte	ASCAD_labels_test_byte	0.0065	0.018416666666666668	0.031	0.009595417671717283	0.006441672676669132	0.004990072004130567	108.0295	255.0
[I] gp_age/18	ASCAD_labels_train_byte	Random_delay_labels_test_byte	0.0045	0.0121	0.0199	0.003483944789532019	0.004112599815724816	0.006825668834016342	127.4824	255.0
[I] gp_age/18	ASCAD_labels_train_byte	DPAv4_labels_test_byte	0.004859902801943961	0.010109797804043918	0.01844963100737985	0.002067297489871732	0.005555181835300229	7.169131910182304E-4	130.5902681946361	255.0
[I] gp_age/19	ASCAD_labels_train_byte	AES_Shivam_labels_test_byte	0.00395	0.01225	0.01935	0.001975098754937747	0.00390625	0.00393465484610021	127.46415	255.0
[I] gp_age/19	ASCAD_labels_train_byte	ASCAD_labels_test_byte	0.00625	0.019166666666666665	0.03208333333333333	0.005425006170533921	0.006248498629538841	0.004531095021538311	106.50475	255.0
[I] gp_age/19	ASCAD_labels_train_byte	Random_delay_labels_test_byte	0.0038	0.0115	0.0178	0.0016979790446895273	0.003749180506993007	0.003353856362016695	127.7397	255.0
[I] gp_age/19	ASCAD_labels_train_byte	DPAv4_labels_test_byte	0.00509989800203996	0.011099778004439911	0.020669586608267836	6.774551368665486E-4	0.005881804307962642	7.497743804015745E-4	127.07037859242816	255.0
[I] gp_age/2	ASCAD_labels_train_byte	AES_Shivam_labels_test_byte	0.0038	0.01125	0.0193	0.004254039121268252	0.003910474495313627	0.007797586513099043	127.0434	255.0
[I] gp_age/2	ASCAD_labels_train_byte	ASCAD_labels_test_byte	0.006416666666666667	0.01825	0.03075	0.009634189267930478	0.00636195328891403	0.004937994835011351	108.02816666666666	255.0
[I] gp_age/2	ASCAD_labels_train_byte	Random_delay_labels_test_byte	0.0045	0.0118	0.0199	0.0033892025359910927	0.004112599815724816	0.006648129237957406	127.512	255.0
[I] gp_age/2	ASCAD_labels_train_byte	DPAv4_labels_test_byte	0.004799904001919961	0.00995980080398392	0.018569628607427852	0.002255042987245671	0.0055072036102861936	7.232655189755913E-4	130.7192356152877	255.0
[I] gp_age/20	ASCAD_labels_train_byte	AES_Shivam_labels_test_byte	0.0038	0.01125	0.0193	0.004254039121268252	0.003910474495313627	0.007797586513099043	127.0434	255.0
[I] gp_age/20	ASCAD_labels_train_byte	ASCAD_labels_test_byte	0.006416666666666667	0.01825	0.03075	0.009634189267930478	0.00636195328891403	0.004937994835011351	108.02816666666666	255.0
[I] gp_age/20	ASCAD_labels_train_byte	Random_delay_labels_test_byte	0.0045	0.0118	0.0199	0.0033892025359910927	0.004112599815724816	0.006648129237957406	127.512	255.0
[I] gp_age/20	ASCAD_labels_train_byte	DPAv4_labels_test_byte	0.004799904001919961	0.00995980080398392	0.018569628607427852	0.002255042987245671	0.0055072036102861936	7.232655189755913E-4	130.7192356152877	255.0
[I] gp_age/21	ASCAD_labels_train_byte	AES_Shivam_labels_test_byte	0.0038	0.0112	0.01935	0.0035047708994357476	0.003910474495313627	0.006661965727213297	127.0224	255.0
[I] gp_age/21	ASCAD_labels_train_byte	ASCAD_labels_test_byte	0.0065	0.018416666666666668	0.031	0.009595417671717283	0.006441672676669132	0.004990072004130567	108.0295	255.0
[I] gp_age/21	ASCAD_labels_train_byte	Random_delay_labels_test_byte	0.0045	0.0121	0.0199	0.003483944789532019	0.004112599815724816	0.006825668834016342	127.4824	255.0
[I] gp_age/21	ASCAD_labels_train_byte	DPAv4_labels_test_byte	0.004859902801943961	0.010109797804043918	0.01844963100737985	0.002067297489871732	0.005555181835300229	7.169131910182304E-4	130.5902681946361	255.0
[I] gp_age/22	ASCAD_labels_train_byte	AES_Shivam_labels_test_byte	0.00395	0.01225	0.01935	0.001975098754937747	0.00390625	0.00393465484610021	127.46415	255.0
[I] gp_age/22	ASCAD_labels_train_byte	ASCAD_labels_test_byte	0.00625	0.019166666666666665	0.03208333333333333	0.005425006170533921	0.006248498629538841	0.004531095021538311	106.50475	255.0
[I] gp_age/22	ASCAD_labels_train_byte	Random_delay_labels_test_byte	0.0038	0.0115	0.0178	0.0016979790446895273	0.003749180506993007	0.003353856362016695	127.7397	255.0
[I] gp_age/22	ASCAD_labels_train_byte	DPAv4_labels_test_byte	0.00509989800203996	0.011099778004439911	0.020669586608267836	6.774551368665486E-4	0.005881804307962642	7.497743804015745E-4	127.07037859242816	255.0
[I] gp_age/23	ASCAD_labels_train_byte	AES_Shivam_labels_test_byte	0.0038	0.01125	0.0193	0.004254039121268252	0.003910474495313627	0.007797586513099043	127.0434	255.0
[I] gp_age/23	ASCAD_labels_train_byte	ASCAD_labels_test_byte	0.006416666666666667	0.01825	0.03075	0.009634189267930478	0.00636195328891403	0.004937994835011351	108.02816666666666	255.0
[I] gp_age/23	ASCAD_labels_train_byte	Random_delay_labels_test_byte	0.0045	0.0118	0.0199	0.0033892025359910927	0.004112599815724816	0.006648129237957406	127.512	255.0
[I] gp_age/23	ASCAD_labels_train_byte	DPAv4_labels_test_byte	0.004799904001919961	0.00995980080398392	0.018569628607427852	0.002255042987245671	0.0055072036102861936	7.232655189755913E-4	130.7192356152877	255.0
[I] gp_age/24	ASCAD_labels_train_byte	AES_Shivam_labels_test_byte	0.0038	0.0112	0.01935	0.0035047708994357476	0.003910474495313627	0.006661965727213297	127.0224	255.0
[I] gp_age/24	ASCAD_labels_train_byte	ASCAD_labels_test_byte	0.0065	0.018416666666666668	0.031	0.009595417671717283	0.006441672676669132	0.004990072004130567	108.0295	255.0
[I] gp_age/24	ASCAD_labels_train_byte	Random_delay_labels_test_byte	0.0045	0.0121	0.0199	0.003483944789532019	0.004112599815724816	0.006825668834016342	127.4824	255.0
[I] gp_age/24	ASCAD_labels_train_byte	DPAv4_labels_test_byte	0.004859902801943961	0.010109797804043918	0.01844963100737985	0.002067297489871732	0.005555181835300229	7.169131910182304E-4	130.5902681946361	255.0
[I] gp_age/25	ASCAD_labels_train_byte	AES_Shivam_labels_test_byte	0.00395	0.01225	0.01935	0.001975098754937747	0.00390625	0.00393465484610021	127.46415	255.0
[I] gp_age/25	ASCAD_labels_train_byte	ASCAD_labels_test_byte	0.00625	0.019166666666666665	0.03208333333333333	0.005425006170533921	0.006248498629538841	0.004531095021538311	106.50475	255.0
[I] gp_age/25	ASCAD_labels_train_byte	Random_delay_labels_test_byte	0.0038	0.0115	0.0178	0.0016979790446895273	0.003749180506993007	0.003353856362016695	127.7397	255.0
[I] gp_age/25	ASCAD_labels_train_byte	DPAv4_labels_test_byte	0.00509989800203996	0.011099778004439911	0.020669586608267836	6.774551368665486E-4	0.005881804307962642	7.497743804015745E-4	127.07037859242816	255.0
[I] gp_age/26	ASCAD_labels_train_byte	AES_Shivam_labels_test_byte	0.0038	0.01125	0.0193	0.004254039121268252	0.003910474495313627	0.007797586513099043	127.0434	255.0
[I] gp_age/26	ASCAD_labels_train_byte	ASCAD_labels_test_byte	0.006416666666666667	0.01825	0.03075	0.009634189267930478	0.00636195328891403	0.004937994835011351	108.02816666666666	255.0
[I] gp_age/26	ASCAD_labels_train_byte	Random_delay_labels_test_byte	0.0045	0.0118	0.0199	0.0033892025359910927	0.004112599815724816	0.006648129237957406	127.512	255.0
[I] gp_age/26	ASCAD_labels_train_byte	DPAv4_labels_test_byte	0.004799904001919961	0.00995980080398392	0.018569628607427852	0.002255042987245671	0.0055072036102861936	7.232655189755913E-4	130.7192356152877	255.0
[I] gp_age/27	ASCAD_labels_train_byte	AES_Shivam_labels_test_byte	0.0038	0.0112	0.01935	0.0035047708994357476	0.003910474495313627	0.006661965727213297	127.0224	255.0
[I] gp_age/27	ASCAD_labels_train_byte	ASCAD_labels_test_byte	0.0065	0.018416666666666668	0.031	0.009595417671717283	0.006441672676669132	0.004990072004130567	108.0295	255.0
[I] gp_age/27	ASCAD_labels_train_byte	Random_delay_labels_test_byte	0.0045	0.0121	0.0199	0.003483944789532019	0.004112599815724816	0.006825668834016342	127.4824	255.0
[I] gp_age/27	ASCAD_labels_train_byte	DPAv4_labels_test_byte	0.004859902801943961	0.010109797804043918	0.01844963100737985	0.002067297489871732	0.005555181835300229	7.169131910182304E-4	130.5902681946361	255.0
[I] gp_age/28	ASCAD_labels_train_byte	AES_Shivam_labels_test_byte	0.00395	0.01225	0.01935	0.001975098754937747	0.00390625	0.00393465484610021	127.46415	255.0
[I] gp_age/28	ASCAD_labels_train_byte	ASCAD_labels_test_byte	0.00625	0.019166666666666665	0.03208333333333333	0.005425006170533921	0.006248498629538841	0.004531095021538311	106.50475	255.0
[I] gp_age/28	ASCAD_labels_train_byte	Random_delay_labels_test_byte	0.0038	0.0115	0.0178	0.0016979790446895273	0.003749180506993007	0.003353856362016695	127.7397	255.0
[I] gp_age/28	ASCAD_labels_train_byte	DPAv4_labels_test_byte	0.00509989800203996	0.011099778004439911	0.020669586608267836	6.774551368665486E-4	0.005881804307962642	7.497743804015745E-4	127.07037859242816	255.0
[I] gp_age/29	ASCAD_labels_train_byte	AES_Shivam_labels_test_byte	0.0038	0.01125	0.0193	0.004254039121268252	0.003910474495313627	0.007797586513099043	127.0434	255.0
[I] gp_age/29	ASCAD_labels_train_byte	ASCAD_labels_test_byte	0.006416666666666667	0.01825	0.03075	0.009634189267930478	0.00636195328891403	0.004937994835011351	108.02816666666666	255.0
[I] gp_age/29	ASCAD_labels_train_byte	Random_delay_labels_test_byte	0.0045	0.0118	0.0199	0.0033892025359910927	0.004112599815724816	0.006648129237957406	127.512	255.0
[I] gp_age/29	ASCAD_labels_train_byte	DPAv4_labels_test_byte	0.004799904001919961	0.00995980080398392	0.018569628607427852	0.002255042987245671	0.0055072036102861936	7.232655189755913E-4	130.7192356152877	255.0
[I] gp_age/3	ASCAD_labels_train_byte	AES_Shivam_labels_test_byte	0.0038	0.0112	0.01935	0.0035047708994357476	0.003910474495313627	0.006661965727213297	127.0224	255.0
[I] gp_age/3	ASCAD_labels_train_byte	ASCAD_labels_test_byte	0.0065	0.018416666666666668	0.031	0.009595417671717283	0.006441672676669132	0.004990072004130567	108.0295	255.0
[I] gp_age/3	ASCAD_labels_train_byte	Random_delay_labels_test_byte	0.0045	0.0121	0.0199	0.003483944789532019	0.004112599815724816	0.006825668834016342	127.4824	255.0
[I] gp_age/3	ASCAD_labels_train_byte	DPAv4_labels_test_byte	0.004859902801943961	0.010109797804043918	0.01844963100737985	0.002067297489871732	0.005555181835300229	7.169131910182304E-4	130.5902681946361	255.0
[I] gp_age/30	ASCAD_labels_train_byte	AES_Shivam_labels_test_byte	0.0038	0.0112	0.01935	0.0035047708994357476	0.003910474495313627	0.006661965727213297	127.0224	255.0
[I] gp_age/30	ASCAD_labels_train_byte	ASCAD_labels_test_byte	0.0065	0.018416666666666668	0.031	0.009595417671717283	0.006441672676669132	0.004990072004130567	108.0295	255.0
[I] gp_age/30	ASCAD_labels_train_byte	Random_delay_labels_test_byte	0.0045	0.0121	0.0199	0.003483944789532019	0.004112599815724816	0.006825668834016342	127.4824	255.0
[I] gp_age/30	ASCAD_labels_train_byte	DPAv4_labels_test_byte	0.004859902801943961	0.010109797804043918	0.01844963100737985	0.002067297489871732	0.005555181835300229	7.169131910182304E-4	130.5902681946361	255.0
[I] gp_age/4	ASCAD_labels_train_byte	AES_Shivam_labels_test_byte	0.00395	0.01225	0.01935	0.001975098754937747	0.00390625	0.00393465484610021	127.46415	255.0
[I] gp_age/4	ASCAD_labels_train_byte	ASCAD_labels_test_byte	0.00625	0.019166666666666665	0.03208333333333333	0.005425006170533921	0.006248498629538841	0.004531095021538311	106.50475	255.0
[I] gp_age/4	ASCAD_labels_train_byte	Random_delay_labels_test_byte	0.0038	0.0115	0.0178	0.0016979790446895273	0.003749180506993007	0.003353856362016695	127.7397	255.0
[I] gp_age/4	ASCAD_labels_train_byte	DPAv4_labels_test_byte	0.00509989800203996	0.011099778004439911	0.020669586608267836	6.774551368665486E-4	0.005881804307962642	7.497743804015745E-4	127.07037859242816	255.0
[I] gp_age/5	ASCAD_labels_train_byte	AES_Shivam_labels_test_byte	0.0038	0.01125	0.0193	0.004254039121268252	0.003910474495313627	0.007797586513099043	127.0434	255.0
[I] gp_age/5	ASCAD_labels_train_byte	ASCAD_labels_test_byte	0.006416666666666667	0.01825	0.03075	0.009634189267930478	0.00636195328891403	0.004937994835011351	108.02816666666666	255.0
[I] gp_age/5	ASCAD_labels_train_byte	Random_delay_labels_test_byte	0.0045	0.0118	0.0199	0.0033892025359910927	0.004112599815724816	0.006648129237957406	127.512	255.0
[I] gp_age/5	ASCAD_labels_train_byte	DPAv4_labels_test_byte	0.004799904001919961	0.00995980080398392	0.018569628607427852	0.002255042987245671	0.0055072036102861936	7.232655189755913E-4	130.7192356152877	255.0
[I] gp_age/6	ASCAD_labels_train_byte	AES_Shivam_labels_test_byte	0.0038	0.0112	0.01935	0.0035047708994357476	0.003910474495313627	0.006661965727213297	127.0224	255.0
[I] gp_age/6	ASCAD_labels_train_byte	ASCAD_labels_test_byte	0.0065	0.018416666666666668	0.031	0.009595417671717283	0.006441672676669132	0.004990072004130567	108.0295	255.0
[I] gp_age/6	ASCAD_labels_train_byte	Random_delay_labels_test_byte	0.0045	0.0121	0.0199	0.003483944789532019	0.004112599815724816	0.006825668834016342	127.4824	255.0
[I] gp_age/6	ASCAD_labels_train_byte	DPAv4_labels_test_byte	0.004859902801943961	0.010109797804043918	0.01844963100737985	0.002067297489871732	0.005555181835300229	7.169131910182304E-4	130.5902681946361	255.0
[I] gp_age/7	ASCAD_labels_train_byte	AES_Shivam_labels_test_byte	0.00395	0.01225	0.01935	0.001975098754937747	0.00390625	0.00393465484610021	127.46415	255.0
[I] gp_age/7	ASCAD_labels_train_byte	ASCAD_labels_test_byte	0.00625	0.019166666666666665	0.03208333333333333	0.005425006170533921	0.006248498629538841	0.004531095021538311	106.50475	255.0
[I] gp_age/7	ASCAD_labels_train_byte	Random_delay_labels_test_byte	0.0038	0.0115	0.0178	0.0016979790446895273	0.003749180506993007	0.003353856362016695	127.7397	255.0
[I] gp_age/7	ASCAD_labels_train_byte	DPAv4_labels_test_byte	0.00509989800203996	0.011099778004439911	0.020669586608267836	6.774551368665486E-4	0.005881804307962642	7.497743804015745E-4	127.07037859242816	255.0
[I] gp_age/8	ASCAD_labels_train_byte	AES_Shivam_labels_test_byte	0.0038	0.01125	0.0193	0.004254039121268252	0.003910474495313627	0.007797586513099043	127.0434	255.0
[I] gp_age/8	ASCAD_labels_train_byte	ASCAD_labels_test_byte	0.006416666666666667	0.01825	0.03075	0.009634189267930478	0.00636195328891403	0.004937994835011351	108.02816666666666	255.0
[I] gp_age/8	ASCAD_labels_train_byte	Random_delay_labels_test_byte	0.0045	0.0118	0.0199	0.0033892025359910927	0.004112599815724816	0.006648129237957406	127.512	255.0
[I] gp_age/8	ASCAD_labels_train_byte	DPAv4_labels_test_byte	0.004799904001919961	0.00995980080398392	0.018569628607427852	0.002255042987245671	0.0055072036102861936	7.232655189755913E-4	130.7192356152877	255.0
[I] gp_age/9	ASCAD_labels_train_byte	AES_Shivam_labels_test_byte	0.0038	0.0112	0.01935	0.0035047708994357476	0.003910474495313627	0.006661965727213297	127.0224	255.0
[I] gp_age/9	ASCAD_labels_train_byte	ASCAD_labels_test_byte	0.0065	0.018416666666666668	0.031	0.009595417671717283	0.006441672676669132	0.004990072004130567	108.0295	255.0
[I] gp_age/9	ASCAD_labels_train_byte	Random_delay_labels_test_byte	0.0045	0.0121	0.0199	0.003483944789532019	0.004112599815724816	0.006825668834016342	127.4824	255.0
[I] gp_age/9	ASCAD_labels_train_byte	DPAv4_labels_test_byte	0.004859902801943961	0.010109797804043918	0.01844963100737985	0.002067297489871732	0.005555181835300229	7.169131910182304E-4	130.5902681946361	255.0
[I] gp_age/1	Random_delay_labels_train_byte	AES_Shivam_labels_test_byte	0.0031	0.01095	0.01915	0.0030782880160756133	0.003528977046899841	0.006049414931803658	127.85395	255.0
[I] gp_age/1	Random_delay_labels_train_byte	ASCAD_labels_test_byte	0.0035833333333333333	0.011	0.01775	0.0035833333333333333	0.00390625	0.007141077804533755	127.30641666666666	255.0
[I] gp_age/1	Random_delay_labels_train_byte	Random_delay_labels_test_byte	0.0042	0.013	0.0209	0.004168418359932048	0.004036606015226464	0.0035080631183276177	125.4102	255.0
[I] gp_age/1	Random_delay_labels_train_byte	DPAv4_labels_test_byte	0.004019919601607968	0.011579768404631907	0.01877962440751185	0.004019919601607968	0.00390625	0.008007649097645512	126.96529069418612	255.0
[I] gp_age/10	Random_delay_labels_train_byte	AES_Shivam_labels_test_byte	0.0031	0.01095	0.01915	0.0030782880160756133	0.003528977046899841	0.006049414931803658	127.85395	255.0
[I] gp_age/10	Random_delay_labels_train_byte	ASCAD_labels_test_byte	0.0035833333333333333	0.011	0.01775	0.0035833333333333333	0.00390625	0.007141077804533755	127.30641666666666	255.0
[I] gp_age/10	Random_delay_labels_train_byte	Random_delay_labels_test_byte	0.0042	0.013	0.0209	0.004168418359932048	0.004036606015226464	0.0035080631183276177	125.4102	255.0
[I] gp_age/10	Random_delay_labels_train_byte	DPAv4_labels_test_byte	0.004019919601607968	0.011579768404631907	0.01877962440751185	0.004019919601607968	0.00390625	0.008007649097645512	126.96529069418612	255.0
[I] gp_age/11	Random_delay_labels_train_byte	AES_Shivam_labels_test_byte	0.00385	0.0115	0.01925	0.00385	0.00390625	0.00767046869552224	127.39025	255.0
[I] gp_age/11	Random_delay_labels_train_byte	ASCAD_labels_test_byte	0.003416666666666667	0.010583333333333333	0.017916666666666668	0.003416666666666667	0.00390625	0.006810065609168674	127.57916666666667	255.0
[I] gp_age/11	Random_delay_labels_train_byte	Random_delay_labels_test_byte	0.0032	0.0117	0.0186	0.0030990555580534015	0.0032770332749039173	0.002715018172444846	125.1008	255.0
[I] gp_age/11	Random_delay_labels_train_byte	DPAv4_labels_test_byte	0.0035699286014279717	0.010889782204355913	0.01892962140757185	0.0035699286014279717	0.00390625	0.007114459091860223	127.27983440331194	255.0
[I] gp_age/12	Random_delay_labels_train_byte	AES_Shivam_labels_test_byte	0.00385	0.01185	0.0195	0.00385	0.00390625	0.00767046869552224	127.51	255.0
[I] gp_age/12	Random_delay_labels_train_byte	ASCAD_labels_test_byte	0.003416666666666667	0.010583333333333333	0.017916666666666668	0.003416666666666667	0.00390625	0.006810065609168674	127.45183333333334	255.0
[I] gp_age/12	Random_delay_labels_train_byte	Random_delay_labels_test_byte	0.0032	0.0115	0.0188	0.003162221847486261	0.0032739822339713353	0.0027487522376414258	125.0803	255.0
[I] gp_age/12	Random_delay_labels_train_byte	DPAv4_labels_test_byte	0.0035699286014279717	0.010889782204355913	0.01892962140757185	0.0035699286014279717	0.00390625	0.007114459091860223	127.27668446631067	255.0
[I] gp_age/13	Random_delay_labels_train_byte	AES_Shivam_labels_test_byte	0.0031	0.01095	0.01915	0.0030782880160756133	0.003528977046899841	0.006049414931803658	127.85395	255.0
[I] gp_age/13	Random_delay_labels_train_byte	ASCAD_labels_test_byte	0.0035833333333333333	0.011	0.01775	0.0035833333333333333	0.00390625	0.007141077804533755	127.30641666666666	255.0
[I] gp_age/13	Random_delay_labels_train_byte	Random_delay_labels_test_byte	0.0042	0.013	0.0209	0.004168418359932048	0.004036606015226464	0.0035080631183276177	125.4102	255.0
[I] gp_age/13	Random_delay_labels_train_byte	DPAv4_labels_test_byte	0.004019919601607968	0.011579768404631907	0.01877962440751185	0.004019919601607968	0.00390625	0.008007649097645512	126.96529069418612	255.0
[I] gp_age/14	Random_delay_labels_train_byte	AES_Shivam_labels_test_byte	0.00385	0.0115	0.01925	0.00385	0.00390625	0.00767046869552224	127.39025	255.0
[I] gp_age/14	Random_delay_labels_train_byte	ASCAD_labels_test_byte	0.003416666666666667	0.010583333333333333	0.017916666666666668	0.003416666666666667	0.00390625	0.006810065609168674	127.57916666666667	255.0
[I] gp_age/14	Random_delay_labels_train_byte	Random_delay_labels_test_byte	0.0032	0.0117	0.0186	0.0030990555580534015	0.0032770332749039173	0.002715018172444846	125.1008	255.0
[I] gp_age/14	Random_delay_labels_train_byte	DPAv4_labels_test_byte	0.0035699286014279717	0.010889782204355913	0.01892962140757185	0.0035699286014279717	0.00390625	0.007114459091860223	127.27983440331194	255.0
[I] gp_age/15	Random_delay_labels_train_byte	AES_Shivam_labels_test_byte	0.00385	0.01185	0.0195	0.00385	0.00390625	0.00767046869552224	127.51	255.0
[I] gp_age/15	Random_delay_labels_train_byte	ASCAD_labels_test_byte	0.003416666666666667	0.010583333333333333	0.017916666666666668	0.003416666666666667	0.00390625	0.006810065609168674	127.45183333333334	255.0
[I] gp_age/15	Random_delay_labels_train_byte	Random_delay_labels_test_byte	0.0032	0.0115	0.0188	0.003162221847486261	0.0032739822339713353	0.0027487522376414258	125.0803	255.0
[I] gp_age/15	Random_delay_labels_train_byte	DPAv4_labels_test_byte	0.0035699286014279717	0.010889782204355913	0.01892962140757185	0.0035699286014279717	0.00390625	0.007114459091860223	127.27668446631067	255.0
[I] gp_age/16	Random_delay_labels_train_byte	AES_Shivam_labels_test_byte	0.0031	0.01095	0.01915	0.0030782880160756133	0.003528977046899841	0.006049414931803658	127.85395	255.0
[I] gp_age/16	Random_delay_labels_train_byte	ASCAD_labels_test_byte	0.0035833333333333333	0.011	0.01775	0.0035833333333333333	0.00390625	0.007141077804533755	127.30641666666666	255.0
[I] gp_age/16	Random_delay_labels_train_byte	Random_delay_labels_test_byte	0.0042	0.013	0.0209	0.004168418359932048	0.004036606015226464	0.0035080631183276177	125.4102	255.0
[I] gp_age/16	Random_delay_labels_train_byte	DPAv4_labels_test_byte	0.004019919601607968	0.011579768404631907	0.01877962440751185	0.004019919601607968	0.00390625	0.008007649097645512	126.96529069418612	255.0
[I] gp_age/17	Random_delay_labels_train_byte	AES_Shivam_labels_test_byte	0.00385	0.0115	0.01925	0.00385	0.00390625	0.00767046869552224	127.39025	255.0
[I] gp_age/17	Random_delay_labels_train_byte	ASCAD_labels_test_byte	0.003416666666666667	0.010583333333333333	0.017916666666666668	0.003416666666666667	0.00390625	0.006810065609168674	127.57916666666667	255.0
[I] gp_age/17	Random_delay_labels_train_byte	Random_delay_labels_test_byte	0.0032	0.0117	0.0186	0.0030990555580534015	0.0032770332749039173	0.002715018172444846	125.1008	255.0
[I] gp_age/17	Random_delay_labels_train_byte	DPAv4_labels_test_byte	0.0035699286014279717	0.010889782204355913	0.01892962140757185	0.0035699286014279717	0.00390625	0.007114459091860223	127.27983440331194	255.0
[I] gp_age/18	Random_delay_labels_train_byte	AES_Shivam_labels_test_byte	0.00385	0.01185	0.0195	0.00385	0.00390625	0.00767046869552224	127.51	255.0
[I] gp_age/18	Random_delay_labels_train_byte	ASCAD_labels_test_byte	0.003416666666666667	0.010583333333333333	0.017916666666666668	0.003416666666666667	0.00390625	0.006810065609168674	127.45183333333334	255.0
[I] gp_age/18	Random_delay_labels_train_byte	Random_delay_labels_test_byte	0.0032	0.0115	0.0188	0.003162221847486261	0.0032739822339713353	0.0027487522376414258	125.0803	255.0
[I] gp_age/18	Random_delay_labels_train_byte	DPAv4_labels_test_byte	0.0035699286014279717	0.010889782204355913	0.01892962140757185	0.0035699286014279717	0.00390625	0.007114459091860223	127.27668446631067	255.0
[I] gp_age/19	Random_delay_labels_train_byte	AES_Shivam_labels_test_byte	0.0031	0.01095	0.01915	0.0030782880160756133	0.003528977046899841	0.006049414931803658	127.85395	255.0
[I] gp_age/19	Random_delay_labels_train_byte	ASCAD_labels_test_byte	0.0035833333333333333	0.011	0.01775	0.0035833333333333333	0.00390625	0.007141077804533755	127.30641666666666	255.0
[I] gp_age/19	Random_delay_labels_train_byte	Random_delay_labels_test_byte	0.0042	0.013	0.0209	0.004168418359932048	0.004036606015226464	0.0035080631183276177	125.4102	255.0
[I] gp_age/19	Random_delay_labels_train_byte	DPAv4_labels_test_byte	0.004019919601607968	0.011579768404631907	0.01877962440751185	0.004019919601607968	0.00390625	0.008007649097645512	126.96529069418612	255.0
[I] gp_age/2	Random_delay_labels_train_byte	AES_Shivam_labels_test_byte	0.00385	0.0115	0.01925	0.00385	0.00390625	0.00767046869552224	127.39025	255.0
[I] gp_age/2	Random_delay_labels_train_byte	ASCAD_labels_test_byte	0.003416666666666667	0.010583333333333333	0.017916666666666668	0.003416666666666667	0.00390625	0.006810065609168674	127.57916666666667	255.0
[I] gp_age/2	Random_delay_labels_train_byte	Random_delay_labels_test_byte	0.0032	0.0117	0.0186	0.0030990555580534015	0.0032770332749039173	0.002715018172444846	125.1008	255.0
[I] gp_age/2	Random_delay_labels_train_byte	DPAv4_labels_test_byte	0.0035699286014279717	0.010889782204355913	0.01892962140757185	0.0035699286014279717	0.00390625	0.007114459091860223	127.27983440331194	255.0
[I] gp_age/20	Random_delay_labels_train_byte	AES_Shivam_labels_test_byte	0.00385	0.0115	0.01925	0.00385	0.00390625	0.00767046869552224	127.39025	255.0
[I] gp_age/20	Random_delay_labels_train_byte	ASCAD_labels_test_byte	0.003416666666666667	0.010583333333333333	0.017916666666666668	0.003416666666666667	0.00390625	0.006810065609168674	127.57916666666667	255.0
[I] gp_age/20	Random_delay_labels_train_byte	Random_delay_labels_test_byte	0.0032	0.0117	0.0186	0.0030990555580534015	0.0032770332749039173	0.002715018172444846	125.1008	255.0
[I] gp_age/20	Random_delay_labels_train_byte	DPAv4_labels_test_byte	0.0035699286014279717	0.010889782204355913	0.01892962140757185	0.0035699286014279717	0.00390625	0.007114459091860223	127.27983440331194	255.0
[I] gp_age/21	Random_delay_labels_train_byte	AES_Shivam_labels_test_byte	0.00385	0.01185	0.0195	0.00385	0.00390625	0.00767046869552224	127.51	255.0
[I] gp_age/21	Random_delay_labels_train_byte	ASCAD_labels_test_byte	0.003416666666666667	0.010583333333333333	0.017916666666666668	0.003416666666666667	0.00390625	0.006810065609168674	127.45183333333334	255.0
[I] gp_age/21	Random_delay_labels_train_byte	Random_delay_labels_test_byte	0.0032	0.0115	0.0188	0.003162221847486261	0.0032739822339713353	0.0027487522376414258	125.0803	255.0
[I] gp_age/21	Random_delay_labels_train_byte	DPAv4_labels_test_byte	0.0035699286014279717	0.010889782204355913	0.01892962140757185	0.0035699286014279717	0.00390625	0.007114459091860223	127.27668446631067	255.0
[I] gp_age/22	Random_delay_labels_train_byte	AES_Shivam_labels_test_byte	0.0031	0.01095	0.01915	0.0030782880160756133	0.003528977046899841	0.006049414931803658	127.85395	255.0
[I] gp_age/22	Random_delay_labels_train_byte	ASCAD_labels_test_byte	0.0035833333333333333	0.011	0.01775	0.0035833333333333333	0.00390625	0.007141077804533755	127.30641666666666	255.0
[I] gp_age/22	Random_delay_labels_train_byte	Random_delay_labels_test_byte	0.0042	0.013	0.0209	0.004168418359932048	0.004036606015226464	0.0035080631183276177	125.4102	255.0
[I] gp_age/22	Random_delay_labels_train_byte	DPAv4_labels_test_byte	0.004019919601607968	0.011579768404631907	0.01877962440751185	0.004019919601607968	0.00390625	0.008007649097645512	126.96529069418612	255.0
[I] gp_age/23	Random_delay_labels_train_byte	AES_Shivam_labels_test_byte	0.00385	0.0115	0.01925	0.00385	0.00390625	0.00767046869552224	127.39025	255.0
[I] gp_age/23	Random_delay_labels_train_byte	ASCAD_labels_test_byte	0.003416666666666667	0.010583333333333333	0.017916666666666668	0.003416666666666667	0.00390625	0.006810065609168674	127.57916666666667	255.0
[I] gp_age/23	Random_delay_labels_train_byte	Random_delay_labels_test_byte	0.0032	0.0117	0.0186	0.0030990555580534015	0.0032770332749039173	0.002715018172444846	125.1008	255.0
[I] gp_age/23	Random_delay_labels_train_byte	DPAv4_labels_test_byte	0.0035699286014279717	0.010889782204355913	0.01892962140757185	0.0035699286014279717	0.00390625	0.007114459091860223	127.27983440331194	255.0
[I] gp_age/24	Random_delay_labels_train_byte	AES_Shivam_labels_test_byte	0.00385	0.01185	0.0195	0.00385	0.00390625	0.00767046869552224	127.51	255.0
[I] gp_age/24	Random_delay_labels_train_byte	ASCAD_labels_test_byte	0.003416666666666667	0.010583333333333333	0.017916666666666668	0.003416666666666667	0.00390625	0.006810065609168674	127.45183333333334	255.0
[I] gp_age/24	Random_delay_labels_train_byte	Random_delay_labels_test_byte	0.0032	0.0115	0.0188	0.003162221847486261	0.0032739822339713353	0.0027487522376414258	125.0803	255.0
[I] gp_age/24	Random_delay_labels_train_byte	DPAv4_labels_test_byte	0.0035699286014279717	0.010889782204355913	0.01892962140757185	0.0035699286014279717	0.00390625	0.007114459091860223	127.27668446631067	255.0
[I] gp_age/25	Random_delay_labels_train_byte	AES_Shivam_labels_test_byte	0.0031	0.01095	0.01915	0.0030782880160756133	0.003528977046899841	0.006049414931803658	127.85395	255.0
[I] gp_age/25	Random_delay_labels_train_byte	ASCAD_labels_test_byte	0.0035833333333333333	0.011	0.01775	0.0035833333333333333	0.00390625	0.007141077804533755	127.30641666666666	255.0
[I] gp_age/25	Random_delay_labels_train_byte	Random_delay_labels_test_byte	0.0042	0.013	0.0209	0.004168418359932048	0.004036606015226464	0.0035080631183276177	125.4102	255.0
[I] gp_age/25	Random_delay_labels_train_byte	DPAv4_labels_test_byte	0.004019919601607968	0.011579768404631907	0.01877962440751185	0.004019919601607968	0.00390625	0.008007649097645512	126.96529069418612	255.0
[I] gp_age/26	Random_delay_labels_train_byte	AES_Shivam_labels_test_byte	0.00385	0.0115	0.01925	0.00385	0.00390625	0.00767046869552224	127.39025	255.0
[I] gp_age/26	Random_delay_labels_train_byte	ASCAD_labels_test_byte	0.003416666666666667	0.010583333333333333	0.017916666666666668	0.003416666666666667	0.00390625	0.006810065609168674	127.57916666666667	255.0
[I] gp_age/26	Random_delay_labels_train_byte	Random_delay_labels_test_byte	0.0032	0.0117	0.0186	0.0030990555580534015	0.0032770332749039173	0.002715018172444846	125.1008	255.0
[I] gp_age/26	Random_delay_labels_train_byte	DPAv4_labels_test_byte	0.0035699286014279717	0.010889782204355913	0.01892962140757185	0.0035699286014279717	0.00390625	0.007114459091860223	127.27983440331194	255.0
[I] gp_age/27	Random_delay_labels_train_byte	AES_Shivam_labels_test_byte	0.00385	0.01185	0.0195	0.00385	0.00390625	0.00767046869552224	127.51	255.0
[I] gp_age/27	Random_delay_labels_train_byte	ASCAD_labels_test_byte	0.003416666666666667	0.010583333333333333	0.017916666666666668	0.003416666666666667	0.00390625	0.006810065609168674	127.45183333333334	255.0
[I] gp_age/27	Random_delay_labels_train_byte	Random_delay_labels_test_byte	0.0032	0.0115	0.0188	0.003162221847486261	0.0032739822339713353	0.0027487522376414258	125.0803	255.0
[I] gp_age/27	Random_delay_labels_train_byte	DPAv4_labels_test_byte	0.0035699286014279717	0.010889782204355913	0.01892962140757185	0.0035699286014279717	0.00390625	0.007114459091860223	127.27668446631067	255.0
[I] gp_age/28	Random_delay_labels_train_byte	AES_Shivam_labels_test_byte	0.0031	0.01095	0.01915	0.0030782880160756133	0.003528977046899841	0.006049414931803658	127.85395	255.0
[I] gp_age/28	Random_delay_labels_train_byte	ASCAD_labels_test_byte	0.0035833333333333333	0.011	0.01775	0.0035833333333333333	0.00390625	0.007141077804533755	127.30641666666666	255.0
[I] gp_age/28	Random_delay_labels_train_byte	Random_delay_labels_test_byte	0.0042	0.013	0.0209	0.004168418359932048	0.004036606015226464	0.0035080631183276177	125.4102	255.0
[I] gp_age/28	Random_delay_labels_train_byte	DPAv4_labels_test_byte	0.004019919601607968	0.011579768404631907	0.01877962440751185	0.004019919601607968	0.00390625	0.008007649097645512	126.96529069418612	255.0
[I] gp_age/29	Random_delay_labels_train_byte	AES_Shivam_labels_test_byte	0.00385	0.0115	0.01925	0.00385	0.00390625	0.00767046869552224	127.39025	255.0
[I] gp_age/29	Random_delay_labels_train_byte	ASCAD_labels_test_byte	0.003416666666666667	0.010583333333333333	0.017916666666666668	0.003416666666666667	0.00390625	0.006810065609168674	127.57916666666667	255.0
[I] gp_age/29	Random_delay_labels_train_byte	Random_delay_labels_test_byte	0.0032	0.0117	0.0186	0.0030990555580534015	0.0032770332749039173	0.002715018172444846	125.1008	255.0
[I] gp_age/29	Random_delay_labels_train_byte	DPAv4_labels_test_byte	0.0035699286014279717	0.010889782204355913	0.01892962140757185	0.0035699286014279717	0.00390625	0.007114459091860223	127.27983440331194	255.0
[I] gp_age/3	Random_delay_labels_train_byte	AES_Shivam_labels_test_byte	0.00385	0.01185	0.0195	0.00385	0.00390625	0.00767046869552224	127.51	255.0
[I] gp_age/3	Random_delay_labels_train_byte	ASCAD_labels_test_byte	0.003416666666666667	0.010583333333333333	0.017916666666666668	0.003416666666666667	0.00390625	0.006810065609168674	127.45183333333334	255.0
[I] gp_age/3	Random_delay_labels_train_byte	Random_delay_labels_test_byte	0.0032	0.0115	0.0188	0.003162221847486261	0.0032739822339713353	0.0027487522376414258	125.0803	255.0
[I] gp_age/3	Random_delay_labels_train_byte	DPAv4_labels_test_byte	0.0035699286014279717	0.010889782204355913	0.01892962140757185	0.0035699286014279717	0.00390625	0.007114459091860223	127.27668446631067	255.0
[I] gp_age/30	Random_delay_labels_train_byte	AES_Shivam_labels_test_byte	0.00385	0.01185	0.0195	0.00385	0.00390625	0.00767046869552224	127.51	255.0
[I] gp_age/30	Random_delay_labels_train_byte	ASCAD_labels_test_byte	0.003416666666666667	0.010583333333333333	0.017916666666666668	0.003416666666666667	0.00390625	0.006810065609168674	127.45183333333334	255.0
[I] gp_age/30	Random_delay_labels_train_byte	Random_delay_labels_test_byte	0.0032	0.0115	0.0188	0.003162221847486261	0.0032739822339713353	0.0027487522376414258	125.0803	255.0
[I] gp_age/30	Random_delay_labels_train_byte	DPAv4_labels_test_byte	0.0035699286014279717	0.010889782204355913	0.01892962140757185	0.0035699286014279717	0.00390625	0.007114459091860223	127.27668446631067	255.0
[I] gp_age/4	Random_delay_labels_train_byte	AES_Shivam_labels_test_byte	0.0031	0.01095	0.01915	0.0030782880160756133	0.003528977046899841	0.006049414931803658	127.85395	255.0
[I] gp_age/4	Random_delay_labels_train_byte	ASCAD_labels_test_byte	0.0035833333333333333	0.011	0.01775	0.0035833333333333333	0.00390625	0.007141077804533755	127.30641666666666	255.0
[I] gp_age/4	Random_delay_labels_train_byte	Random_delay_labels_test_byte	0.0042	0.013	0.0209	0.004168418359932048	0.004036606015226464	0.0035080631183276177	125.4102	255.0
[I] gp_age/4	Random_delay_labels_train_byte	DPAv4_labels_test_byte	0.004019919601607968	0.011579768404631907	0.01877962440751185	0.004019919601607968	0.00390625	0.008007649097645512	126.96529069418612	255.0
[I] gp_age/5	Random_delay_labels_train_byte	AES_Shivam_labels_test_byte	0.00385	0.0115	0.01925	0.00385	0.00390625	0.00767046869552224	127.39025	255.0
[I] gp_age/5	Random_delay_labels_train_byte	ASCAD_labels_test_byte	0.003416666666666667	0.010583333333333333	0.017916666666666668	0.003416666666666667	0.00390625	0.006810065609168674	127.57916666666667	255.0
[I] gp_age/5	Random_delay_labels_train_byte	Random_delay_labels_test_byte	0.0032	0.0117	0.0186	0.0030990555580534015	0.0032770332749039173	0.002715018172444846	125.1008	255.0
[I] gp_age/5	Random_delay_labels_train_byte	DPAv4_labels_test_byte	0.0035699286014279717	0.010889782204355913	0.01892962140757185	0.0035699286014279717	0.00390625	0.007114459091860223	127.27983440331194	255.0
[I] gp_age/6	Random_delay_labels_train_byte	AES_Shivam_labels_test_byte	0.00385	0.01185	0.0195	0.00385	0.00390625	0.00767046869552224	127.51	255.0
[I] gp_age/6	Random_delay_labels_train_byte	ASCAD_labels_test_byte	0.003416666666666667	0.010583333333333333	0.017916666666666668	0.003416666666666667	0.00390625	0.006810065609168674	127.45183333333334	255.0
[I] gp_age/6	Random_delay_labels_train_byte	Random_delay_labels_test_byte	0.0032	0.0115	0.0188	0.003162221847486261	0.0032739822339713353	0.0027487522376414258	125.0803	255.0
[I] gp_age/6	Random_delay_labels_train_byte	DPAv4_labels_test_byte	0.0035699286014279717	0.010889782204355913	0.01892962140757185	0.0035699286014279717	0.00390625	0.007114459091860223	127.27668446631067	255.0
[I] gp_age/7	Random_delay_labels_train_byte	AES_Shivam_labels_test_byte	0.0031	0.01095	0.01915	0.0030782880160756133	0.003528977046899841	0.006049414931803658	127.85395	255.0
[I] gp_age/7	Random_delay_labels_train_byte	ASCAD_labels_test_byte	0.0035833333333333333	0.011	0.01775	0.0035833333333333333	0.00390625	0.007141077804533755	127.30641666666666	255.0
[I] gp_age/7	Random_delay_labels_train_byte	Random_delay_labels_test_byte	0.0042	0.013	0.0209	0.004168418359932048	0.004036606015226464	0.0035080631183276177	125.4102	255.0
[I] gp_age/7	Random_delay_labels_train_byte	DPAv4_labels_test_byte	0.004019919601607968	0.011579768404631907	0.01877962440751185	0.004019919601607968	0.00390625	0.008007649097645512	126.96529069418612	255.0
[I] gp_age/8	Random_delay_labels_train_byte	AES_Shivam_labels_test_byte	0.00385	0.0115	0.01925	0.00385	0.00390625	0.00767046869552224	127.39025	255.0
[I] gp_age/8	Random_delay_labels_train_byte	ASCAD_labels_test_byte	0.003416666666666667	0.010583333333333333	0.017916666666666668	0.003416666666666667	0.00390625	0.006810065609168674	127.57916666666667	255.0
[I] gp_age/8	Random_delay_labels_train_byte	Random_delay_labels_test_byte	0.0032	0.0117	0.0186	0.0030990555580534015	0.0032770332749039173	0.002715018172444846	125.1008	255.0
[I] gp_age/8	Random_delay_labels_train_byte	DPAv4_labels_test_byte	0.0035699286014279717	0.010889782204355913	0.01892962140757185	0.0035699286014279717	0.00390625	0.007114459091860223	127.27983440331194	255.0
[I] gp_age/9	Random_delay_labels_train_byte	AES_Shivam_labels_test_byte	0.00385	0.01185	0.0195	0.00385	0.00390625	0.00767046869552224	127.51	255.0
[I] gp_age/9	Random_delay_labels_train_byte	ASCAD_labels_test_byte	0.003416666666666667	0.010583333333333333	0.017916666666666668	0.003416666666666667	0.00390625	0.006810065609168674	127.45183333333334	255.0
[I] gp_age/9	Random_delay_labels_train_byte	Random_delay_labels_test_byte	0.0032	0.0115	0.0188	0.003162221847486261	0.0032739822339713353	0.0027487522376414258	125.0803	255.0
[I] gp_age/9	Random_delay_labels_train_byte	DPAv4_labels_test_byte	0.0035699286014279717	0.010889782204355913	0.01892962140757185	0.0035699286014279717	0.00390625	0.007114459091860223	127.27668446631067	255.0
[I] gp_age/1	DPAv4_labels_train_byte	AES_Shivam_labels_test_byte	0.0036	0.011	0.0191	0.0036	0.00390625	0.007174172977281785	127.39715	255.0
[I] gp_age/1	DPAv4_labels_train_byte	ASCAD_labels_test_byte	0.0036666666666666666	0.012166666666666666	0.01975	0.008029461631615333	0.0038849241078926997	0.002679386309009345	126.51891666666667	255.0
[I] gp_age/1	DPAv4_labels_train_byte	Random_delay_labels_test_byte	0.0028	0.0128	0.0193	9.913612302787597E-4	0.003667937665782493	0.0019185437303904202	127.7245	255.0
[I] gp_age/1	DPAv4_labels_train_byte	DPAv4_labels_test_byte	0.5685486290274194	0.881622367552649	0.9527509449811004	0.5738314478457122	0.5681948217843333	0.562726502535383	1.0576888462230756	234.0
[I] gp_age/10	DPAv4_labels_train_byte	AES_Shivam_labels_test_byte	0.0036	0.011	0.0191	0.0036	0.00390625	0.007174172977281785	127.39715	255.0
[I] gp_age/10	DPAv4_labels_train_byte	ASCAD_labels_test_byte	0.0036666666666666666	0.012166666666666666	0.01975	0.008029461631615333	0.0038849241078926997	0.002679386309009345	126.51891666666667	255.0
[I] gp_age/10	DPAv4_labels_train_byte	Random_delay_labels_test_byte	0.0028	0.0128	0.0193	9.913612302787597E-4	0.003667937665782493	0.0019185437303904202	127.7245	255.0
[I] gp_age/10	DPAv4_labels_train_byte	DPAv4_labels_test_byte	0.5685486290274194	0.881622367552649	0.9527509449811004	0.5738314478457122	0.5681948217843333	0.562726502535383	1.0576888462230756	234.0
[I] gp_age/11	DPAv4_labels_train_byte	AES_Shivam_labels_test_byte	0.0037	0.0107	0.0191	0.012879541165976728	0.0038603670634920636	0.0051273106346989466	129.11155	255.0
[I] gp_age/11	DPAv4_labels_train_byte	ASCAD_labels_test_byte	0.004333333333333333	0.011833333333333333	0.01775	0.0034796157890892637	0.004623125202504248	0.002610147873107653	128.83508333333333	255.0
[I] gp_age/11	DPAv4_labels_train_byte	Random_delay_labels_test_byte	0.0039	0.0133	0.0201	0.003656746357202513	0.003640640177704131	0.006890826760112068	126.3268	255.0
[I] gp_age/11	DPAv4_labels_train_byte	DPAv4_labels_test_byte	0.5394792104157917	0.869112617747645	0.9457010859782804	0.562319550462206	0.5395881151838359	0.5233167143066101	1.1599568008639827	242.0
[I] gp_age/12	DPAv4_labels_train_byte	AES_Shivam_labels_test_byte	0.00375	0.01255	0.02075	0.004441843553280842	0.003509820927950659	0.008750181665292091	126.77015	255.0
[I] gp_age/12	DPAv4_labels_train_byte	ASCAD_labels_test_byte	0.0045	0.011666666666666667	0.01975	0.0036688947404001746	0.0047130935478153285	0.003297832637702523	126.79525	255.0
[I] gp_age/12	DPAv4_labels_train_byte	Random_delay_labels_test_byte	0.0049	0.0133	0.0203	0.0024504900980196038	0.00390625	0.004877077734647159	128.4845	255.0
[I] gp_age/12	DPAv4_labels_train_byte	DPAv4_labels_test_byte	0.5757784844303114	0.8880722385552289	0.9570108597828043	0.5774165443752242	0.575534082439661	0.5696289370089236	1.0098698026039479	231.0
[I] gp_age/13	DPAv4_labels_train_byte	AES_Shivam_labels_test_byte	0.0036	0.011	0.0191	0.0036	0.00390625	0.007174172977281785	127.39715	255.0
[I] gp_age/13	DPAv4_labels_train_byte	ASCAD_labels_test_byte	0.0036666666666666666	0.012166666666666666	0.01975	0.008029461631615333	0.0038849241078926997	0.002679386309009345	126.51891666666667	255.0
[I] gp_age/13	DPAv4_labels_train_byte	Random_delay_labels_test_byte	0.0028	0.0128	0.0193	9.913612302787597E-4	0.003667937665782493	0.0019185437303904202	127.7245	255.0
[I] gp_age/13	DPAv4_labels_train_byte	DPAv4_labels_test_byte	0.5685486290274194	0.881622367552649	0.9527509449811004	0.5738314478457122	0.5681948217843333	0.562726502535383	1.0576888462230756	234.0
[I] gp_age/14	DPAv4_labels_train_byte	AES_Shivam_labels_test_byte	0.0037	0.0107	0.0191	0.012879541165976728	0.0038603670634920636	0.0051273106346989466	129.11155	255.0
[I] gp_age/14	DPAv4_labels_train_byte	ASCAD_labels_test_byte	0.004333333333333333	0.011833333333333333	0.01775	0.0034796157890892637	0.004623125202504248	0.002610147873107653	128.83508333333333	255.0
[I] gp_age/14	DPAv4_labels_train_byte	Random_delay_labels_test_byte	0.0039	0.0133	0.0201	0.003656746357202513	0.003640640177704131	0.006890826760112068	126.3268	255.0
[I] gp_age/14	DPAv4_labels_train_byte	DPAv4_labels_test_byte	0.5394792104157917	0.869112617747645	0.9457010859782804	0.562319550462206	0.5395881151838359	0.5233167143066101	1.1599568008639827	242.0
[I] gp_age/15	DPAv4_labels_train_byte	AES_Shivam_labels_test_byte	0.00375	0.01255	0.02075	0.004441843553280842	0.003509820927950659	0.008750181665292091	126.77015	255.0
[I] gp_age/15	DPAv4_labels_train_byte	ASCAD_labels_test_byte	0.0045	0.011666666666666667	0.01975	0.0036688947404001746	0.0047130935478153285	0.003297832637702523	126.79525	255.0
[I] gp_age/15	DPAv4_labels_train_byte	Random_delay_labels_test_byte	0.0049	0.0133	0.0203	0.0024504900980196038	0.00390625	0.004877077734647159	128.4845	255.0
[I] gp_age/15	DPAv4_labels_train_byte	DPAv4_labels_test_byte	0.5757784844303114	0.8880722385552289	0.9570108597828043	0.5774165443752242	0.575534082439661	0.5696289370089236	1.0098698026039479	231.0
[I] gp_age/16	DPAv4_labels_train_byte	AES_Shivam_labels_test_byte	0.0036	0.011	0.0191	0.0036	0.00390625	0.007174172977281785	127.39715	255.0
[I] gp_age/16	DPAv4_labels_train_byte	ASCAD_labels_test_byte	0.0036666666666666666	0.012166666666666666	0.01975	0.008029461631615333	0.0038849241078926997	0.002679386309009345	126.51891666666667	255.0
[I] gp_age/16	DPAv4_labels_train_byte	Random_delay_labels_test_byte	0.0028	0.0128	0.0193	9.913612302787597E-4	0.003667937665782493	0.0019185437303904202	127.7245	255.0
[I] gp_age/16	DPAv4_labels_train_byte	DPAv4_labels_test_byte	0.5685486290274194	0.881622367552649	0.9527509449811004	0.5738314478457122	0.5681948217843333	0.562726502535383	1.0576888462230756	234.0
[I] gp_age/17	DPAv4_labels_train_byte	AES_Shivam_labels_test_byte	0.0037	0.0107	0.0191	0.012879541165976728	0.0038603670634920636	0.0051273106346989466	129.11155	255.0
[I] gp_age/17	DPAv4_labels_train_byte	ASCAD_labels_test_byte	0.004333333333333333	0.011833333333333333	0.01775	0.0034796157890892637	0.004623125202504248	0.002610147873107653	128.83508333333333	255.0
[I] gp_age/17	DPAv4_labels_train_byte	Random_delay_labels_test_byte	0.0039	0.0133	0.0201	0.003656746357202513	0.003640640177704131	0.006890826760112068	126.3268	255.0
[I] gp_age/17	DPAv4_labels_train_byte	DPAv4_labels_test_byte	0.5394792104157917	0.869112617747645	0.9457010859782804	0.562319550462206	0.5395881151838359	0.5233167143066101	1.1599568008639827	242.0
[I] gp_age/18	DPAv4_labels_train_byte	AES_Shivam_labels_test_byte	0.00375	0.01255	0.02075	0.004441843553280842	0.003509820927950659	0.008750181665292091	126.77015	255.0
[I] gp_age/18	DPAv4_labels_train_byte	ASCAD_labels_test_byte	0.0045	0.011666666666666667	0.01975	0.0036688947404001746	0.0047130935478153285	0.003297832637702523	126.79525	255.0
[I] gp_age/18	DPAv4_labels_train_byte	Random_delay_labels_test_byte	0.0049	0.0133	0.0203	0.0024504900980196038	0.00390625	0.004877077734647159	128.4845	255.0
[I] gp_age/18	DPAv4_labels_train_byte	DPAv4_labels_test_byte	0.5757784844303114	0.8880722385552289	0.9570108597828043	0.5774165443752242	0.575534082439661	0.5696289370089236	1.0098698026039479	231.0
[I] gp_age/19	DPAv4_labels_train_byte	AES_Shivam_labels_test_byte	0.0036	0.011	0.0191	0.0036	0.00390625	0.007174172977281785	127.39715	255.0
[I] gp_age/19	DPAv4_labels_train_byte	ASCAD_labels_test_byte	0.0036666666666666666	0.012166666666666666	0.01975	0.008029461631615333	0.0038849241078926997	0.002679386309009345	126.51891666666667	255.0
[I] gp_age/19	DPAv4_labels_train_byte	Random_delay_labels_test_byte	0.0028	0.0128	0.0193	9.913612302787597E-4	0.003667937665782493	0.0019185437303904202	127.7245	255.0
[I] gp_age/19	DPAv4_labels_train_byte	DPAv4_labels_test_byte	0.5685486290274194	0.881622367552649	0.9527509449811004	0.5738314478457122	0.5681948217843333	0.562726502535383	1.0576888462230756	234.0
[I] gp_age/2	DPAv4_labels_train_byte	AES_Shivam_labels_test_byte	0.0037	0.0107	0.0191	0.012879541165976728	0.0038603670634920636	0.0051273106346989466	129.11155	255.0
[I] gp_age/2	DPAv4_labels_train_byte	ASCAD_labels_test_byte	0.004333333333333333	0.011833333333333333	0.01775	0.0034796157890892637	0.004623125202504248	0.002610147873107653	128.83508333333333	255.0
[I] gp_age/2	DPAv4_labels_train_byte	Random_delay_labels_test_byte	0.0039	0.0133	0.0201	0.003656746357202513	0.003640640177704131	0.006890826760112068	126.3268	255.0
[I] gp_age/2	DPAv4_labels_train_byte	DPAv4_labels_test_byte	0.5394792104157917	0.869112617747645	0.9457010859782804	0.562319550462206	0.5395881151838359	0.5233167143066101	1.1599568008639827	242.0
[I] gp_age/20	DPAv4_labels_train_byte	AES_Shivam_labels_test_byte	0.0037	0.0107	0.0191	0.012879541165976728	0.0038603670634920636	0.0051273106346989466	129.11155	255.0
[I] gp_age/20	DPAv4_labels_train_byte	ASCAD_labels_test_byte	0.004333333333333333	0.011833333333333333	0.01775	0.0034796157890892637	0.004623125202504248	0.002610147873107653	128.83508333333333	255.0
[I] gp_age/20	DPAv4_labels_train_byte	Random_delay_labels_test_byte	0.0039	0.0133	0.0201	0.003656746357202513	0.003640640177704131	0.006890826760112068	126.3268	255.0
[I] gp_age/20	DPAv4_labels_train_byte	DPAv4_labels_test_byte	0.5394792104157917	0.869112617747645	0.9457010859782804	0.562319550462206	0.5395881151838359	0.5233167143066101	1.1599568008639827	242.0
[I] gp_age/21	DPAv4_labels_train_byte	AES_Shivam_labels_test_byte	0.00375	0.01255	0.02075	0.004441843553280842	0.003509820927950659	0.008750181665292091	126.77015	255.0
[I] gp_age/21	DPAv4_labels_train_byte	ASCAD_labels_test_byte	0.0045	0.011666666666666667	0.01975	0.0036688947404001746	0.0047130935478153285	0.003297832637702523	126.79525	255.0
[I] gp_age/21	DPAv4_labels_train_byte	Random_delay_labels_test_byte	0.0049	0.0133	0.0203	0.0024504900980196038	0.00390625	0.004877077734647159	128.4845	255.0
[I] gp_age/21	DPAv4_labels_train_byte	DPAv4_labels_test_byte	0.5757784844303114	0.8880722385552289	0.9570108597828043	0.5774165443752242	0.575534082439661	0.5696289370089236	1.0098698026039479	231.0
[I] gp_age/22	DPAv4_labels_train_byte	AES_Shivam_labels_test_byte	0.0036	0.011	0.0191	0.0036	0.00390625	0.007174172977281785	127.39715	255.0
[I] gp_age/22	DPAv4_labels_train_byte	ASCAD_labels_test_byte	0.0036666666666666666	0.012166666666666666	0.01975	0.008029461631615333	0.0038849241078926997	0.002679386309009345	126.51891666666667	255.0
[I] gp_age/22	DPAv4_labels_train_byte	Random_delay_labels_test_byte	0.0028	0.0128	0.0193	9.913612302787597E-4	0.003667937665782493	0.0019185437303904202	127.7245	255.0
[I] gp_age/22	DPAv4_labels_train_byte	DPAv4_labels_test_byte	0.5685486290274194	0.881622367552649	0.9527509449811004	0.5738314478457122	0.5681948217843333	0.562726502535383	1.0576888462230756	234.0
[I] gp_age/23	DPAv4_labels_train_byte	AES_Shivam_labels_test_byte	0.0037	0.0107	0.0191	0.012879541165976728	0.0038603670634920636	0.0051273106346989466	129.11155	255.0
[I] gp_age/23	DPAv4_labels_train_byte	ASCAD_labels_test_byte	0.004333333333333333	0.011833333333333333	0.01775	0.0034796157890892637	0.004623125202504248	0.002610147873107653	128.83508333333333	255.0
[I] gp_age/23	DPAv4_labels_train_byte	Random_delay_labels_test_byte	0.0039	0.0133	0.0201	0.003656746357202513	0.003640640177704131	0.006890826760112068	126.3268	255.0
[I] gp_age/23	DPAv4_labels_train_byte	DPAv4_labels_test_byte	0.5394792104157917	0.869112617747645	0.9457010859782804	0.562319550462206	0.5395881151838359	0.5233167143066101	1.1599568008639827	242.0
[I] gp_age/24	DPAv4_labels_train_byte	AES_Shivam_labels_test_byte	0.00375	0.01255	0.02075	0.004441843553280842	0.003509820927950659	0.008750181665292091	126.77015	255.0
[I] gp_age/24	DPAv4_labels_train_byte	ASCAD_labels_test_byte	0.0045	0.011666666666666667	0.01975	0.0036688947404001746	0.0047130935478153285	0.003297832637702523	126.79525	255.0
[I] gp_age/24	DPAv4_labels_train_byte	Random_delay_labels_test_byte	0.0049	0.0133	0.0203	0.0024504900980196038	0.00390625	0.004877077734647159	128.4845	255.0
[I] gp_age/24	DPAv4_labels_train_byte	DPAv4_labels_test_byte	0.5757784844303114	0.8880722385552289	0.9570108597828043	0.5774165443752242	0.575534082439661	0.5696289370089236	1.0098698026039479	231.0
[I] gp_age/25	DPAv4_labels_train_byte	AES_Shivam_labels_test_byte	0.0036	0.011	0.0191	0.0036	0.00390625	0.007174172977281785	127.39715	255.0
[I] gp_age/25	DPAv4_labels_train_byte	ASCAD_labels_test_byte	0.0036666666666666666	0.012166666666666666	0.01975	0.008029461631615333	0.0038849241078926997	0.002679386309009345	126.51891666666667	255.0
[I] gp_age/25	DPAv4_labels_train_byte	Random_delay_labels_test_byte	0.0028	0.0128	0.0193	9.913612302787597E-4	0.003667937665782493	0.0019185437303904202	127.7245	255.0
[I] gp_age/25	DPAv4_labels_train_byte	DPAv4_labels_test_byte	0.5685486290274194	0.881622367552649	0.9527509449811004	0.5738314478457122	0.5681948217843333	0.562726502535383	1.0576888462230756	234.0
[I] gp_age/26	DPAv4_labels_train_byte	AES_Shivam_labels_test_byte	0.0037	0.0107	0.0191	0.012879541165976728	0.0038603670634920636	0.0051273106346989466	129.11155	255.0
[I] gp_age/26	DPAv4_labels_train_byte	ASCAD_labels_test_byte	0.004333333333333333	0.011833333333333333	0.01775	0.0034796157890892637	0.004623125202504248	0.002610147873107653	128.83508333333333	255.0
[I] gp_age/26	DPAv4_labels_train_byte	Random_delay_labels_test_byte	0.0039	0.0133	0.0201	0.003656746357202513	0.003640640177704131	0.006890826760112068	126.3268	255.0
[I] gp_age/26	DPAv4_labels_train_byte	DPAv4_labels_test_byte	0.5394792104157917	0.869112617747645	0.9457010859782804	0.562319550462206	0.5395881151838359	0.5233167143066101	1.1599568008639827	242.0
[I] gp_age/27	DPAv4_labels_train_byte	AES_Shivam_labels_test_byte	0.00375	0.01255	0.02075	0.004441843553280842	0.003509820927950659	0.008750181665292091	126.77015	255.0
[I] gp_age/27	DPAv4_labels_train_byte	ASCAD_labels_test_byte	0.0045	0.011666666666666667	0.01975	0.0036688947404001746	0.0047130935478153285	0.003297832637702523	126.79525	255.0
[I] gp_age/27	DPAv4_labels_train_byte	Random_delay_labels_test_byte	0.0049	0.0133	0.0203	0.0024504900980196038	0.00390625	0.004877077734647159	128.4845	255.0
[I] gp_age/27	DPAv4_labels_train_byte	DPAv4_labels_test_byte	0.5757784844303114	0.8880722385552289	0.9570108597828043	0.5774165443752242	0.575534082439661	0.5696289370089236	1.0098698026039479	231.0
[I] gp_age/28	DPAv4_labels_train_byte	AES_Shivam_labels_test_byte	0.0036	0.011	0.0191	0.0036	0.00390625	0.007174172977281785	127.39715	255.0
[I] gp_age/28	DPAv4_labels_train_byte	ASCAD_labels_test_byte	0.0036666666666666666	0.012166666666666666	0.01975	0.008029461631615333	0.0038849241078926997	0.002679386309009345	126.51891666666667	255.0
[I] gp_age/28	DPAv4_labels_train_byte	Random_delay_labels_test_byte	0.0028	0.0128	0.0193	9.913612302787597E-4	0.003667937665782493	0.0019185437303904202	127.7245	255.0
[I] gp_age/28	DPAv4_labels_train_byte	DPAv4_labels_test_byte	0.5685486290274194	0.881622367552649	0.9527509449811004	0.5738314478457122	0.5681948217843333	0.562726502535383	1.0576888462230756	234.0
[I] gp_age/29	DPAv4_labels_train_byte	AES_Shivam_labels_test_byte	0.0037	0.0107	0.0191	0.012879541165976728	0.0038603670634920636	0.0051273106346989466	129.11155	255.0
[I] gp_age/29	DPAv4_labels_train_byte	ASCAD_labels_test_byte	0.004333333333333333	0.011833333333333333	0.01775	0.0034796157890892637	0.004623125202504248	0.002610147873107653	128.83508333333333	255.0
[I] gp_age/29	DPAv4_labels_train_byte	Random_delay_labels_test_byte	0.0039	0.0133	0.0201	0.003656746357202513	0.003640640177704131	0.006890826760112068	126.3268	255.0
[I] gp_age/29	DPAv4_labels_train_byte	DPAv4_labels_test_byte	0.5394792104157917	0.869112617747645	0.9457010859782804	0.562319550462206	0.5395881151838359	0.5233167143066101	1.1599568008639827	242.0
[I] gp_age/3	DPAv4_labels_train_byte	AES_Shivam_labels_test_byte	0.00375	0.01255	0.02075	0.004441843553280842	0.003509820927950659	0.008750181665292091	126.77015	255.0
[I] gp_age/3	DPAv4_labels_train_byte	ASCAD_labels_test_byte	0.0045	0.011666666666666667	0.01975	0.0036688947404001746	0.0047130935478153285	0.003297832637702523	126.79525	255.0
[I] gp_age/3	DPAv4_labels_train_byte	Random_delay_labels_test_byte	0.0049	0.0133	0.0203	0.0024504900980196038	0.00390625	0.004877077734647159	128.4845	255.0
[I] gp_age/3	DPAv4_labels_train_byte	DPAv4_labels_test_byte	0.5757784844303114	0.8880722385552289	0.9570108597828043	0.5774165443752242	0.575534082439661	0.5696289370089236	1.0098698026039479	231.0
[I] gp_age/30	DPAv4_labels_train_byte	AES_Shivam_labels_test_byte	0.00375	0.01255	0.02075	0.004441843553280842	0.003509820927950659	0.008750181665292091	126.77015	255.0
[I] gp_age/30	DPAv4_labels_train_byte	ASCAD_labels_test_byte	0.0045	0.011666666666666667	0.01975	0.0036688947404001746	0.0047130935478153285	0.003297832637702523	126.79525	255.0
[I] gp_age/30	DPAv4_labels_train_byte	Random_delay_labels_test_byte	0.0049	0.0133	0.0203	0.0024504900980196038	0.00390625	0.004877077734647159	128.4845	255.0
[I] gp_age/30	DPAv4_labels_train_byte	DPAv4_labels_test_byte	0.5757784844303114	0.8880722385552289	0.9570108597828043	0.5774165443752242	0.575534082439661	0.5696289370089236	1.0098698026039479	231.0
[I] gp_age/4	DPAv4_labels_train_byte	AES_Shivam_labels_test_byte	0.0036	0.011	0.0191	0.0036	0.00390625	0.007174172977281785	127.39715	255.0
[I] gp_age/4	DPAv4_labels_train_byte	ASCAD_labels_test_byte	0.0036666666666666666	0.012166666666666666	0.01975	0.008029461631615333	0.0038849241078926997	0.002679386309009345	126.51891666666667	255.0
[I] gp_age/4	DPAv4_labels_train_byte	Random_delay_labels_test_byte	0.0028	0.0128	0.0193	9.913612302787597E-4	0.003667937665782493	0.0019185437303904202	127.7245	255.0
[I] gp_age/4	DPAv4_labels_train_byte	DPAv4_labels_test_byte	0.5685486290274194	0.881622367552649	0.9527509449811004	0.5738314478457122	0.5681948217843333	0.562726502535383	1.0576888462230756	234.0
[I] gp_age/5	DPAv4_labels_train_byte	AES_Shivam_labels_test_byte	0.0037	0.0107	0.0191	0.012879541165976728	0.0038603670634920636	0.0051273106346989466	129.11155	255.0
[I] gp_age/5	DPAv4_labels_train_byte	ASCAD_labels_test_byte	0.004333333333333333	0.011833333333333333	0.01775	0.0034796157890892637	0.004623125202504248	0.002610147873107653	128.83508333333333	255.0
[I] gp_age/5	DPAv4_labels_train_byte	Random_delay_labels_test_byte	0.0039	0.0133	0.0201	0.003656746357202513	0.003640640177704131	0.006890826760112068	126.3268	255.0
[I] gp_age/5	DPAv4_labels_train_byte	DPAv4_labels_test_byte	0.5394792104157917	0.869112617747645	0.9457010859782804	0.562319550462206	0.5395881151838359	0.5233167143066101	1.1599568008639827	242.0
[I] gp_age/6	DPAv4_labels_train_byte	AES_Shivam_labels_test_byte	0.00375	0.01255	0.02075	0.004441843553280842	0.003509820927950659	0.008750181665292091	126.77015	255.0
[I] gp_age/6	DPAv4_labels_train_byte	ASCAD_labels_test_byte	0.0045	0.011666666666666667	0.01975	0.0036688947404001746	0.0047130935478153285	0.003297832637702523	126.79525	255.0
[I] gp_age/6	DPAv4_labels_train_byte	Random_delay_labels_test_byte	0.0049	0.0133	0.0203	0.0024504900980196038	0.00390625	0.004877077734647159	128.4845	255.0
[I] gp_age/6	DPAv4_labels_train_byte	DPAv4_labels_test_byte	0.5757784844303114	0.8880722385552289	0.9570108597828043	0.5774165443752242	0.575534082439661	0.5696289370089236	1.0098698026039479	231.0
[I] gp_age/7	DPAv4_labels_train_byte	AES_Shivam_labels_test_byte	0.0036	0.011	0.0191	0.0036	0.00390625	0.007174172977281785	127.39715	255.0
[I] gp_age/7	DPAv4_labels_train_byte	ASCAD_labels_test_byte	0.0036666666666666666	0.012166666666666666	0.01975	0.008029461631615333	0.0038849241078926997	0.002679386309009345	126.51891666666667	255.0
[I] gp_age/7	DPAv4_labels_train_byte	Random_delay_labels_test_byte	0.0028	0.0128	0.0193	9.913612302787597E-4	0.003667937665782493	0.0019185437303904202	127.7245	255.0
[I] gp_age/7	DPAv4_labels_train_byte	DPAv4_labels_test_byte	0.5685486290274194	0.881622367552649	0.9527509449811004	0.5738314478457122	0.5681948217843333	0.562726502535383	1.0576888462230756	234.0
[I] gp_age/8	DPAv4_labels_train_byte	AES_Shivam_labels_test_byte	0.0037	0.0107	0.0191	0.012879541165976728	0.0038603670634920636	0.0051273106346989466	129.11155	255.0
[I] gp_age/8	DPAv4_labels_train_byte	ASCAD_labels_test_byte	0.004333333333333333	0.011833333333333333	0.01775	0.0034796157890892637	0.004623125202504248	0.002610147873107653	128.83508333333333	255.0
[I] gp_age/8	DPAv4_labels_train_byte	Random_delay_labels_test_byte	0.0039	0.0133	0.0201	0.003656746357202513	0.003640640177704131	0.006890826760112068	126.3268	255.0
[I] gp_age/8	DPAv4_labels_train_byte	DPAv4_labels_test_byte	0.5394792104157917	0.869112617747645	0.9457010859782804	0.562319550462206	0.5395881151838359	0.5233167143066101	1.1599568008639827	242.0
[I] gp_age/9	DPAv4_labels_train_byte	AES_Shivam_labels_test_byte	0.00375	0.01255	0.02075	0.004441843553280842	0.003509820927950659	0.008750181665292091	126.77015	255.0
[I] gp_age/9	DPAv4_labels_train_byte	ASCAD_labels_test_byte	0.0045	0.011666666666666667	0.01975	0.0036688947404001746	0.0047130935478153285	0.003297832637702523	126.79525	255.0
[I] gp_age/9	DPAv4_labels_train_byte	Random_delay_labels_test_byte	0.0049	0.0133	0.0203	0.0024504900980196038	0.00390625	0.004877077734647159	128.4845	255.0
[I] gp_age/9	DPAv4_labels_train_byte	DPAv4_labels_test_byte	0.5757784844303114	0.8880722385552289	0.9570108597828043	0.5774165443752242	0.575534082439661	0.5696289370089236	1.0098698026039479	231.0
